word,freq,length,upos,xpos
ஃபோர்டு,513,4,PROPN,NEN-3SN--
அஃது,508,3,ADV,AA-------
அகன்று,786,4,ADV,AA-------
அகல்,634,3,PROPN,NEN-3SN--
அசார்,543,3,PROPN,NEN-3SH--
அசோகர்,547,4,PROPN,NEN-3SN--
அடகு,963,3,ADV,AA-------
அடம்,789,3,PROPN,NEN-3SN--
அடைகிறேன்,670,5,PRON,RpN-1SA--
அட்லி,516,3,PROPN,NEN-3SN--
அட்லீ,539,3,PROPN,NEN-3SN--
அண்ணன்,8120,4,PROPN,NEN-3SN--
அண்மை,524,3,ADV,AA-------
அதனோடு,671,4,ADV,AA-------
அதன்மேல்,601,5,ADV,AA-------
அதர்வா,527,4,PROPN,NEN-3SH--
அதிகமாய்,502,5,ADV,AA-------
அதிதி,925,3,PROPN,NEN-3SH--
அந்தி,556,3,PROPN,NEN-3SN--
அனாதை,723,3,PROPN,NEN-3SN--
அனாமிகா,555,4,PROPN,NEN-3SN--
அனைவர்,658,4,PRON,RpN-3SA--
அன்னை,5520,3,PROPN,NEN-3SN--
அன்பர்,582,4,ADV,AA-------
அப்பத்தா,498,5,ADV,AA-------
அப்பன்,668,4,PROPN,NEN-3SH--
அப்பறம்,641,5,PROPN,NEN-3SN--
அப்பாடா,650,4,PROPN,NEN-3SN--
அப்பாவி,4162,4,PROPN,NEN-3PH--
அப்பு,764,3,ADV,AA-------
அப்புறமா,498,5,ADV,AA-------
அமரன்,537,4,PROPN,NEN-3SH--
அமர்,693,3,PROPN,NEN-3SH--
அமலாபால்,527,5,PROPN,NEN-3SN--
அமிர்தம்,520,5,PROPN,NEN-3SN--
அமிர்தா,511,4,PROPN,NEN-3SN--
அமையாது,725,4,ADV,AA-------
அம்பிகா,517,4,PROPN,NEN-3SH--
அம்பிகை,790,4,PROPN,NEN-3SN--
அம்மணி,634,4,PROPN,NEN-3SH--
அம்மன்,15266,4,PROPN,NEN-3SN--
அம்ருதா,498,4,PROPN,NEN-3SH--
அயன்,697,3,PROPN,NEN-3SN--
அயராது,581,4,ADV,AA-------
அரக்கன்,757,5,PROPN,NEN-3SN--
அரக்கர்,515,5,PROPN,NEN-3SH--
அரசர்,3767,4,PROPN,NEN-3SH--
அரிசி,7568,3,PROPN,NEN-3SN--
அறிகிறோம்,493,5,PRON,RpN-1PA--
அறியாமை,936,4,PROPN,NEN-3SN--
அலர்,672,3,PROPN,NEN-3SH--
அலறி,534,3,ADV,AA-------
அலிபாபா,493,4,PROPN,NEN-3SN--
அல்ட்ரா,560,4,PROPN,NEN-3SN--
அல்லி,490,3,PROPN,NEN-3SN--
அவதி,736,3,PROPN,NEN-3SN--
அவதூறு,2228,4,ADV,AA-------
அவளோடு,625,4,ADV,AA-------
அவுங்க,637,4,ADV,AA-------
அவ்விதம்,956,5,ADV,AA-------
ஆசான்,826,3,PROPN,NEN-3SH--
ஆசாமி,621,3,ADV,AA-------
ஆண்டவன்,1467,5,PRON,RpN-1SA--
ஆண்டவர்,5224,5,PRON,RpN-3SA--
ஆண்ட்டி,593,4,ADV,AA-------
ஆதாம்,692,3,PROPN,NEN-3SH--
ஆத்தா,592,3,PROPN,NEN-3SN--
ஆத்திரம்,1495,5,PROPN,NEN-3SN--
ஆத்மா,1671,3,PROPN,NEN-3SN--
ஆந்தை,501,3,PROPN,NEN-3SN--
ஆனந்தம்,1435,5,PROPN,NEN-3SN--
ஆனான்,524,3,PROPN,NEN-3SN--
ஆப்கான்,517,4,PROPN,NEN-3SN--
ஆப்ரிக்கா,490,5,PROPN,NEN-3SN--
ஆமிர்,491,3,PROPN,NEN-3SH--
ஆயனர்,541,4,ADV,AA-------
ஆற்று,1855,3,PROPN,NO--3SN--
ஆலங்குடி,558,5,PROPN,NEN-3SN--
ஆலமரம்,722,5,PROPN,NEN-3SN--
ஆலம்,647,3,PROPN,NEN-3SN--
ஆலிவ்,644,3,PROPN,NEN-3SN--
ஆளுக்கொரு,570,5,PROPN,NO--3SN--
ஆவலோடு,639,4,ADV,AA-------
இக்கட்சி,524,5,PROPN,NEN-3SN--
இசக்கி,661,4,PROPN,NEN-3SN--
இஞ்சி,1883,3,PROPN,NEN-3SN--
இடத்தில,524,5,ADV,AA-------
இடர்,695,3,PROPN,NO--3SN--
இடைவிடாது,576,5,ADV,AA-------
இதுநாள்,663,4,ADV,AA-------
இதோடு,646,3,ADV,AA-------
இத்தகு,502,4,ADV,AA-------
இத்தொகுதி,612,5,PROPN,NEN-3SN--
இந்நாட்டு,586,5,PROPN,NO--3SN--
இந்நேரம்,699,5,ADV,AA-------
இனிப்பு,2596,4,PROPN,NEN-3SN--
இன்றுடன்,783,5,ADV,AA-------
இப்டி,524,3,PROPN,NEN-3SN--
இப்பிடி,613,4,ADV,AA-------
இமயம்,540,4,PROPN,NEN-3SN--
இம்மூன்று,505,5,ADV,AA-------
இயர்,540,3,PROPN,NEN-3SH--
இயலாது,5854,4,ADV,AA-------
இரங்கல்,2337,5,PROPN,NEN-3SN--
இரட்டை,9021,4,ADV,AA-------
இரண்டொரு,611,5,ADV,AA-------
இராணி,524,3,PROPN,NEN-3SN--
இராது,752,3,ADV,AA-------
இரானி,598,3,PROPN,NEN-3SN--
இருக்காரு,515,5,PROPN,NEN-3SN--
இருக்கார்,795,5,PROPN,NEN-3SN--
இருட்டு,1192,4,ADV,AA-------
இருநாட்டு,769,5,PROPN,NO--3SN--
இருவரது,786,5,ADV,AA-------
இறுக,505,3,ADV,AA-------
இறுக்கி,675,4,ADV,AA-------
இறைவன்,8706,4,PROPN,NO--3SN--
இல்லாமை,629,4,ADV,AA-------
இல்லைன்னா,573,5,PROPN,NEN-3SN--
இல்லைன்னு,484,5,PROPN,NEN-3SN--
இல்லையாம்,580,5,ADV,AA-------
இளநீலம்,753,5,PROPN,NEN-3SN--
இளைஞன்,3637,4,PROPN,NEN-3SH--
இழிவு,848,3,ADV,AA-------
இழுபறி,587,4,ADV,AA-------
இவரு,674,3,ADV,AA-------
உங்கள,585,4,PRON,RpN-1SA--
உங்களோடு,674,5,PRON,RpN-2PA--
உண்டாகி,664,4,ADV,AA-------
உண்டானது,671,5,PRON,RpN-3SN--
உண்ணா,540,3,PROPN,NEN-3SN--
உதகை,614,3,PROPN,NEN-3SN--
உதறி,501,3,ADV,AA-------
உதவாது,645,4,ADV,AA-------
உந்தன்,492,4,PROPN,NEN-3SH--
உபுண்டு,534,4,PROPN,NO--3SN--
உப்புமா,630,4,PROPN,NEN-3SN--
உம்மன்,681,4,PROPN,NEN-3SH--
உயர்,45049,3,ADJ,JJ-------
உரோமை,746,3,PROPN,NEN-3SN--
உளவு,2398,3,PROPN,NO--3SN--
உழவர்,1408,4,PROPN,NEN-3SH--
உழைப்பால்,671,5,ADV,AA-------
ஊன்றி,737,3,ADV,AA-------
ஊரார்,496,3,PROPN,NEN-3SH--
ஊர்வசி,535,4,PROPN,NEN-3SH--
எங்களோடு,544,5,PROPN,NEN-3PA--
எசமான்,519,4,PROPN,NEN-3SH--
எடிசன்,687,4,PROPN,NEN-3SN--
எடிட்டர்,772,5,PROPN,NEN-3SH--
எண்ணுடன்,548,5,ADV,AA-------
எதிரணி,708,4,ADV,AA-------
எதிர்,10964,3,ADV,AA-------
எனக,697,3,ADV,AA-------
என்ஐஏ,504,4,PROPN,NEN-3SN--
என்னங்க,612,5,PROPN,NEN-3SN--
என்னன்னு,712,5,PROPN,NEN-3SN--
என்பேன்,621,4,PRON,RpN-1SA--
என்ர,515,3,PRON,RpG-1SA--
என்றவர்,761,5,PRON,RpN-3SH--
என்றா,669,3,PROPN,NEN-3SN--
என்றாராம்,494,5,PROPN,NEN-3SH--
எபோலா,718,3,PROPN,NEA-3SN--
எப்பிடி,552,4,PROPN,NEN-3SN--
எம்பிஏ,606,4,PROPN,NEN-3SN--
எருமை,1491,3,PROPN,NEN-3SN--
எலுமிச்சை,2341,5,PROPN,NEN-3SN--
எல்இடி,590,4,PROPN,NEN-3SN--
எல்ஐசி,521,4,PROPN,NEN-3SN--
எல்லோர்,719,4,PROPN,NEN-3SH--
எளிதல்ல,568,5,ADV,AA-------
எளிதானது,568,5,PRON,RpN-3SH--
எழுது,638,3,ADV,AA-------
எழும்பி,547,4,ADV,AA-------
எவ்விதம்,529,5,ADV,AA-------
ஏதாவதொரு,583,5,PROPN,NO--3SN--
ஏதுமின்றி,685,5,ADV,AA-------
ஏதோவொரு,766,4,ADJ,JJ-------
ஏறாவூர்,584,4,PROPN,NEN-3SN--
ஏலம்,3758,3,PROPN,NEN-3SN--
ஏழெட்டு,518,4,ADV,AA-------
ஐகோர்ட்டு,563,5,PROPN,NEN-3SN--
ஐசிஐசிஐ,788,5,PROPN,NEN-3SN--
ஐநூறு,791,3,NUM,Ux-------
ஐந்தாறு,612,4,ADV,AA-------
ஐயங்கார்,543,5,PROPN,NEN-3SH--
ஐயனார்,614,4,PROPN,NEN-3SN--
ஐயாயிரம்,533,5,ADV,AA-------
ஒக்கி,592,3,PROPN,NEN-3SN--
ஒசாமா,528,3,PROPN,NEN-3SN--
ஒட்டகம்,736,5,PROPN,NEN-3SN--
ஒன்றன்,587,4,PROPN,NO--3SN--
ஒன்றா,573,3,PROPN,NEN-3SN--
ஒன்றி,516,3,ADV,AA-------
ஒன்றுகூடி,573,5,ADV,AA-------
ஒன்றோடு,574,4,ADV,AA-------
ஒன்லி,512,3,PROPN,NEN-3SH--
ஒமர்,542,3,PROPN,NEN-3SH--
ஒரிசா,552,3,PROPN,NEN-3SN--
ஒருகணம்,516,5,ADV,AA-------
ஒற்றை,5416,3,PROPN,NO--3SN--
ஒழுங்கா,544,4,PROPN,NEN-3SN--
ஓடிப்போய்,552,5,ADV,AA-------
ஓட்டு,4427,3,PROPN,NO--3SN--
கசக்கி,497,4,PROPN,NEN-3SN--
கடப்பா,522,4,PROPN,NEN-3SN--
கடாட்சம்,503,5,ADV,AA-------
கட்டாயம்,8133,5,ADV,AA-------
கணினி,9243,3,PROPN,NO--3SN--
கண்டவர்,547,5,PRON,RpN-3SH--
கண்ட்ரோல்,657,5,PROPN,NEN-3SN--
கண்ணி,771,3,PROPN,NEN-3SN--
கண்ணீர்,4705,4,PROPN,NEN-3SN--
கதர்,785,3,PROPN,NEN-3SH--
கதிரவன்,1226,5,PROPN,NEN-3SN--
கன்று,765,3,PROPN,NEN-3SN--
கபினி,561,3,PROPN,NEN-3SN--
கபிலர்,618,4,PROPN,NEN-3SN--
கப்பல்,7943,4,PROPN,NEN-3SN--
கமுதி,549,3,PROPN,NEN-3SN--
கம்பனி,569,4,PROPN,NEN-3SN--
கம்பீர்,569,4,PROPN,NEN-3SH--
கம்பு,1277,3,PROPN,NEN-3SN--
கயல்,506,3,PROPN,NEN-3SN--
கரண்,643,3,PROPN,NEN-3SN--
கரன்,532,3,PROPN,NEN-3SH--
கராச்சி,565,4,PROPN,NEN-3SN--
கருகி,638,3,ADV,AA-------
கரும்பு,3878,4,PROPN,NEN-3SN--
கரோலினா,519,4,PROPN,NEN-3SN--
கர்னல்,674,4,PROPN,NEN-3SN--
கர்மயோகி,502,5,PROPN,NEN-3SN--
கற்பகம்,666,5,PROPN,NEN-3SN--
கலைமகள்,828,5,PROPN,NEN-3SN--
கலைவாணர்,647,5,PROPN,NEN-3SH--
கல்யாணம்,10247,5,PROPN,NEN-3SN--
களவாணி,496,4,PROPN,NEN-3SN--
கள்ளர்,605,4,PROPN,NEN-3SH--
கழிச்சு,557,4,ADV,AA-------
கவுடா,779,3,PROPN,NEN-3SH--
கவுரி,748,3,PROPN,NEN-3SH--
கவுர்,758,3,PROPN,NEN-3SH--
கவ்வி,525,3,PROPN,NEN-3SN--
காஃபி,595,3,PROPN,NEN-3SN--
காகம்,1157,3,PROPN,NEN-3SN--
காட்டன்,651,4,PROPN,NEN-3SN--
காட்டு,9023,3,ADV,AA-------
காட்பாடி,702,4,PROPN,NEN-3SN--
காதம்பரி,521,5,PROPN,NEN-3SN--
காதலன்,2380,4,PROPN,NEN-3SN--
காதோடு,713,3,PROPN,NEN-3SN--
கானம்,539,3,PROPN,NEN-3SN--
கான்பூர்,710,4,PROPN,NEN-3SN--
காபூல்,492,3,PROPN,NEN-3SN--
காமன்,529,3,PROPN,NEN-3SN--
காமராசர்,775,5,PROPN,NEN-3SH--
காமினி,485,3,PROPN,NEN-3SN--
காய்கறி,3326,4,PROPN,NEN-3SN--
காரணமாம்,575,5,PROPN,NEN-3SH--
காரணமாய்,616,5,ADV,AA-------
கார்னர்,768,4,PROPN,NEN-3SH--
காலண்டர்,571,5,PROPN,NEN-3SN--
காலத்துல,801,5,ADV,AA-------
காலையில,625,4,PROPN,NEN-3SN--
காலைல,599,3,PROPN,NEN-3SN--
கால்டுவெல்,493,5,PROPN,NEN-3SH--
காளான்,1014,3,PROPN,NEN-3SN--
காவலன்,660,4,PROPN,NEN-3SN--
கிட்னி,669,3,PROPN,NEN-3SN--
கிண்டல்,3093,4,PROPN,NEN-3SH--
கியர்,530,3,PROPN,NEN-3SH--
கிராக்கி,656,4,PROPN,NEN-3SN--
கிருத்திகா,577,5,PROPN,NEN-3SN--
கிருமி,1135,3,PROPN,NEN-3SN--
கிருமிகள்,1289,5,PROPN,NEN-3PA--
கிரேடு,715,3,PROPN,NEN-3SN--
கிளப்பி,769,4,PROPN,NEN-3SN--
கிளிண்டன்,581,5,PROPN,NEN-3SH--
கிள்ளி,675,3,PROPN,NEN-3SN--
கிழவன்,1103,4,PROPN,NEN-3SH--
கிழவர்,828,4,PROPN,NEN-3SH--
கிழவி,1693,3,PROPN,NEN-3SN--
குடந்தை,516,4,PROPN,NEN-3SN--
குடிகாரன்,724,5,PROPN,NEN-3SN--
குட்டி,17194,3,PROPN,NEN-3SH--
குண்டி,493,3,PROPN,NEN-3SN--
குண்டூர்,501,4,PROPN,NEN-3SN--
குதிரை,9083,3,PROPN,NEN-3SN--
குத்தகை,734,4,PROPN,NEN-3SN--
குந்தகம்,486,5,PROPN,NEN-3SN--
குந்தி,524,3,PROPN,NEN-3SN--
குமரி,3260,3,PROPN,NEN-3SN--
குமாரன்,797,4,PROPN,NEN-3SH--
குமாரி,1046,3,PROPN,NEN-3SH--
கும்கி,508,3,PROPN,NEN-3SN--
குரங்கு,1783,4,PROPN,NEN-3SN--
குரான்,545,3,PROPN,NEN-3SN--
குரியன்,578,4,PROPN,NEN-3SN--
குருநாதர்,507,5,PROPN,NEN-3SN--
குறிச்சி,489,4,PROPN,NEN-3SN--
குறுநாவல்,11530,5,PROPN,NEN-3SN--
குறும்பு,543,4,PROPN,NEN-3SN--
குறைபாடு,3629,4,PROPN,NEN-3SN--
குறையாது,491,4,ADV,AA-------
குற்றாலம்,788,5,PROPN,NEN-3SN--
குலுக்கல்,505,5,PROPN,NEN-3SN--
குளச்சல்,626,5,PROPN,NEN-3SN--
குவாரி,754,3,PROPN,NEN-3SN--
கூட்டாட்சி,971,5,PROPN,NO--3SN--
கூட்டாளி,579,4,PROPN,NO--3SN--
கூட்டிட்டு,756,5,ADV,AA-------
கூரியர்,702,4,PROPN,NEN-3SN--
கூறுகிறான்,728,5,ADJ,Jd-P----A
கூறுங்கள்,696,5,PRON,RpN-2PA--
கெடுபிடி,494,4,PROPN,NEN-3SN--
கெமிக்கல்,632,5,PROPN,NEN-3SN--
கெய்ல்,564,3,PROPN,NEN-3SN--
கேசரி,536,3,PROPN,NEN-3SN--
கேட்பேன்,563,4,PRON,RpN-1SA--
கேன்சர்,778,4,PROPN,NEN-3SN--
கேபிடல்,646,4,PROPN,NEN-3SN--
கேமரூன்,666,4,PROPN,NEN-3SN--
கேழ்வரகு,663,5,PROPN,NEN-3SN--
கேவலம்,598,4,PROPN,NEN-3SN--
கைதாகி,544,3,PROPN,NEN-3SN--
கொசுக்கள்,788,5,PROPN,NEN-3PA--
கொஞ்சமா,485,4,PROPN,NEN-3SN--
கொட்டாவி,636,4,PROPN,NEN-3SN--
கொட்டை,689,3,ADV,AA-------
கொண்டதை,511,4,PROPN,NEA-3SN--
கொண்டவள்,551,5,ADV,AA-------
கொண்டி,563,3,ADV,AA-------
கொறடா,501,3,PROPN,NEN-3SN--
கொல்லம்,762,4,PROPN,NEN-3SN--
கொல்வது,607,4,PRON,RpD-3SH--
கொள்ளாது,701,4,ADV,AA-------
கோகிலா,628,3,PROPN,NEN-3SH--
கோட்பாட்டு,667,5,PROPN,NO--3SN--
கோன்மை,20401,3,PROPN,NEN-3SN--
கோளாறு,2956,3,PROPN,NEN-3SN--
கோழிகள்,629,4,PROPN,NEN-3PN--
கோழிக்கோடு,736,5,PROPN,NEN-3SN--
கோவலன்,494,4,PROPN,NEN-3SN--
க்ரீன்,572,3,PROPN,NEN-3SH--
க்ரைம்,500,3,PROPN,NEN-3SN--
சங்கடம்,501,5,PROPN,NEN-3SN--
சங்கரர்,486,5,PROPN,NEN-3SN--
சசிதரன்,523,5,PROPN,NEN-3SH--
சட்னி,581,3,PROPN,NEN-3SN--
சதாம்,520,3,PROPN,NEN-3SH--
சத்திரம்,778,5,PROPN,NEN-3SN--
சத்யம்,620,4,PROPN,NEN-3SN--
சந்திரன்,5386,5,PROPN,NEN-3SH--
சந்திரிகா,748,5,PROPN,NEN-3SH--
சபலம்,582,4,PROPN,NEN-3SN--
சமச்சீர்,631,5,PROPN,NEN-3SN--
சமணர்,487,4,PROPN,NEN-3SN--
சமம்,1945,3,ADV,AA-------
சமிதி,609,3,PROPN,NEN-3SN--
சம்பு,538,3,PROPN,NEN-3SN--
சரிதா,717,3,PROPN,NEN-3SH--
சரியென்று,518,5,ADV,AA-------
சற்றுமுன்,571,5,ADV,AA-------
சலீம்,733,3,PROPN,NEN-3SN--
சவுகான்,610,4,PROPN,NEN-3SN--
சாண்டி,706,3,PROPN,NEN-3SH--
சாத்தியமா,728,5,ADV,AA-------
சாத்யகி,580,4,ADV,AA-------
சாந்தா,664,3,PROPN,NEN-3SH--
சாமான்,540,3,PROPN,NEN-3SH--
சாலமன்,659,4,PROPN,NEN-3SH--
சிஐடியு,583,4,ADV,AA-------
சிக்கல்,6891,4,PROPN,NEN-3SN--
சிக்சர்,596,4,PROPN,NEN-3SH--
சிங்கம்,2742,4,PROPN,NEN-3SN--
சிங்கர்,525,4,PROPN,NEN-3SN--
சிங்களம்,799,5,PROPN,NEN-3SN--
சிங்கிள்,705,4,PROPN,NEN-3SN--
சித்ரவதை,586,5,PROPN,NEA-3SN--
சிந்தி,674,3,PROPN,NEN-3SH--
சிந்து,4132,3,PROPN,NEN-3SH--
சின்னப்பா,512,5,PROPN,NEN-3SH--
சிபிஎம்,526,4,PROPN,NEN-3SN--
சிம்மம்,710,4,PROPN,NEN-3SN--
சிம்ரன்,765,4,PROPN,NEN-3SH--
சியோமி,565,3,PROPN,NEN-3SH--
சிறுநீர்,2027,4,PROPN,NEN-3SN--
சிறுவன்,5808,4,PROPN,NEN-3SH--
சிறுவர்,17492,4,ADV,AA-------
சிறுவாணி,502,4,PROPN,NEN-3SN--
சிற்சில,512,4,ADV,AA-------
சிற்பி,886,3,PROPN,NO--3SN--
சிலம்பு,560,4,PROPN,NEN-3SN--
சிலரது,646,4,PRON,RpG-3PA--
சிலிக்கான்,612,5,PROPN,NEN-3SN--
சில்வர்,749,4,PROPN,NEN-3SH--
சிவசக்தி,551,5,PROPN,NEN-3SN--
சிவஞானம்,652,5,PROPN,NEN-3SH--
சீதாராம்,576,4,PROPN,NEN-3SH--
சீரகம்,911,4,PROPN,NEN-3SN--
சுகந்தி,725,4,PROPN,NEN-3SN--
சுகுமாரன்,695,5,PROPN,NEN-3SH--
சுக்லா,511,3,PROPN,NEN-3SH--
சுசீலா,523,3,PROPN,NEN-3SH--
சுண்டல்,771,4,PROPN,NEN-3SN--
சுண்ணி,799,3,ADV,AA-------
சுனிதா,625,3,PROPN,NEN-3SH--
சுரண்டல்,595,5,PROPN,NEN-3SN--
சுருட்டி,660,4,PROPN,NEN-3SH--
சுரைக்காய்,601,5,PROPN,NEN-3SN--
சூடாமணி,697,4,PROPN,NEN-3SN--
சூட்டி,748,3,PROPN,NEN-3SN--
சூத்திரம்,968,5,PROPN,NEN-3SN--
சூப்பரா,554,4,PROPN,NEN-3SN--
சூரன்,574,3,PROPN,NEN-3SH--
சூரியன்,7808,4,ADV,AA-------
சூலூர்,654,3,PROPN,NEN-3SN--
செங்கம்,482,4,PROPN,NEN-3SN--
செஞ்சா,787,3,PROPN,NEN-3SN--
செஞ்சுரி,511,4,PROPN,NEN-3SN--
செட்டி,674,3,PROPN,NEN-3SH--
செய்யூர்,496,4,PROPN,NEN-3SN--
செல்கிறோம்,592,5,PRON,RpN-1SA--
செல்பேசி,552,4,PROPN,NEN-3SN--
செல்லகதை,556,5,PROPN,NEA-3SN--
செல்லி,504,3,PROPN,NEN-3SN--
செல்வன்,37569,4,PROPN,NEN-3SH--
சேந்தன்,693,4,PROPN,NEN-3SH--
சேனாதிபதி,602,5,PROPN,NEN-3SH--
சொன்னவர்,726,5,PROPN,NEN-3SH--
சொன்னாரு,628,4,PROPN,NEN-3SH--
சொல்கிறாய்,652,5,PROPN,NEN-3SH--
சொல்கிறோம்,791,5,PRON,RpN-1PA--
சொல்றாங்க,786,5,PROPN,NEN-3SN--
சொல்லலாமா,489,5,PROPN,NEN-3SH--
சொல்லவா,563,4,PRON,RpN-1SA--
சோழர்கள்,713,5,PROPN,NEN-3PA--
சோழவரம்,485,5,PROPN,NEN-3SN--
ஞாயிறன்று,602,5,ADV,AA-------
டபுள்,787,3,PROPN,NEN-3SN--
டப்பா,625,3,PROPN,NEN-3SH--
டவர்,796,3,PROPN,NEN-3SN--
டிராக்டர்,801,5,PROPN,NO--3SN--
டிராய்,507,3,PROPN,NEN-3SN--
டிரைலர்,498,4,PROPN,NEN-3SH--
டிவிட்டர்,722,5,PROPN,NEN-3SH--
டுமினி,528,3,PROPN,NEN-3SH--
டுள்ள,590,3,ADV,AA-------
டெய்லி,748,3,PROPN,NEN-3SN--
டெலிபோன்,711,4,PROPN,NEN-3SN--
டைகர்,710,3,PROPN,NEN-3SN--
டோக்கன்,507,4,PROPN,NEN-3SN--
ட்ரெய்லர்,644,5,PROPN,NEN-3SH--
தங்கச்சி,599,5,PROPN,NEN-3SH--
தசரா,626,3,PROPN,NEN-3SN--
தடையில்லா,504,5,ADV,AA-------
தண்டபாணி,538,5,PROPN,NEN-3SH--
தன்னோடு,752,4,ADV,AA-------
தமிழரசு,518,5,PROPN,NEN-3SN--
தமிழருவி,673,5,PROPN,NEN-3SN--
தமிழா,605,3,PROPN,NEN-3SN--
தமிழீழம்,568,5,PROPN,NEN-3SN--
தமிழ்மொழி,708,5,PROPN,NEN-3SN--
தம்பதி,1210,4,PROPN,NEN-3SH--
தம்பிரான்,667,5,PROPN,NEN-3SN--
தயிர்,2169,3,PROPN,NEN-3SN--
தரகர்,607,4,PROPN,NEN-3SN--
தரமணி,563,4,PROPN,NEN-3SN--
தராது,756,3,ADV,AA-------
தர்ணா,733,3,PROPN,NEN-3SN--
தலாய்,577,3,PROPN,NEN-3SN--
தலைவா,711,3,PROPN,NEN-3SN--
தவன்,518,3,ADV,AA-------
தவறா,705,3,ADV,AA-------
தவறாது,680,4,ADV,AA-------
தாக்கூர்,602,4,PROPN,NEN-3SN--
தாசன்,730,3,PROPN,NEN-3SH--
தாமரை,3480,3,PROPN,NEN-3SN--
தாம்பூலம்,545,5,PROPN,NEN-3SN--
தாரிணி,750,3,PROPN,NEN-3SH--
தாருங்கள்,794,5,PRON,RpN-1PA--
தாவது,799,3,PRON,RpN-3SH--
திகழ,518,3,ADV,AA-------
திடீர்னு,719,4,PROPN,NEN-3SN--
திணறி,763,3,PROPN,NEN-3SN--
திமிர்,604,3,PROPN,NEN-3SN--
தியாகராய,634,5,PROPN,NEN-3SN--
தியாகி,1429,3,PROPN,NEN-3SH--
தியாகு,487,3,PROPN,NEN-3SH--
திருச்சூர்,617,5,PROPN,NEN-3SN--
திருநாமம்,543,5,PROPN,NEN-3SN--
திருநாள்,1600,4,PROPN,NEN-3SN--
திருமகள்,520,5,PROPN,NEN-3SH--
திருமேனி,496,4,PROPN,NEN-3SN--
திருவடி,656,4,PROPN,NEN-3SN--
திரௌபதி,527,4,PROPN,NEN-3SN--
திலகர்,517,4,PROPN,NEN-3SN--
திலீபன்,487,4,PROPN,NEN-3SH--
தில்லை,1651,3,PRON,RpN-3SA--
திவாகரன்,549,5,PROPN,NEN-3SH--
திவாரி,803,3,PROPN,NEN-3SN--
தீங்கு,1252,3,ADV,AA-------
தீண்டாமை,951,4,PROPN,NEN-3SN--
துரோகி,889,3,PROPN,NEN-3SH--
துரோணர்,639,4,PROPN,NEN-3SH--
தெரிகிறதா,501,5,PRON,RpD-1SA--
தேசாய்,747,3,PROPN,NEN-3SH--
தேவயானி,806,4,PROPN,NEN-3SH--
தேவர்,3530,3,PROPN,NEN-3SH--
தொடர்வது,689,5,PRON,RpD-3SH--
தொண்டைமான்,583,5,PROPN,NEN-3SN--
தொழிலாளி,2595,4,PROPN,NEN-3SN--
தொழுது,737,3,ADV,AA-------
தோட்டா,571,3,PROPN,NEN-3SN--
தோணுது,673,3,ADV,AA-------
தோன்றிற்று,511,5,PROPN,NEN-3SN--
நக்கல்,565,4,PROPN,NEN-3SN--
நக்கி,611,3,PROPN,NEN-3SN--
நடக்குது,665,5,PROPN,NEN-3SH--
நடக்குமா,676,5,ADV,AA-------
நடப்பு,6153,4,ADJ,JJ-------
நடிகன்,610,4,PROPN,NEN-3SH--
நந்தன்,679,4,PROPN,NEN-3SH--
நந்தா,563,3,PROPN,NEN-3SH--
நன்னூல்,537,4,PROPN,NEN-3SN--
நம்மள,556,4,ADV,AA-------
நம்மூர்,625,4,PROPN,NEN-3SN--
நம்மோடு,753,4,PRON,RpN-1SA--
நர்மதா,518,4,PROPN,NEN-3SN--
நறுக்கி,695,4,ADV,AA-------
நற்செய்தி,1618,5,PROPN,NEN-3SN--
நல்லவன்,703,5,PROPN,NEN-3SH--
நல்லவர்,913,5,PROPN,NEN-3SH--
நழுவி,579,3,ADV,AA-------
நாகர்,705,3,PROPN,NEN-3SN--
நாக்பூர்,767,4,PROPN,NEN-3SN--
நாடாளு,722,3,PROPN,NEN-3SN--
நாதர்,594,3,PROPN,NEN-3SN--
நானூறு,531,3,PROPN,NEN-3SN--
நாரதர்,673,4,PROPN,NEN-3SH--
நாராயணா,738,4,PROPN,NEN-3SH--
நாவலர்,740,4,PROPN,NEN-3SH--
நிகர்,696,3,PROPN,NEN-3SN--
நிகழ்,639,3,PROPN,NO--3SN--
நிதானம்,730,4,PROPN,NEN-3SN--
நினைச்சு,636,4,ADV,AA-------
நினைச்சேன்,725,5,PROPN,NEN-3SH--
நிப்டி,653,3,PROPN,NEN-3SN--
நியாயமா,577,4,PROPN,NEN-3SN--
நியூட்டன்,754,5,PROPN,NEN-3SN--
நிரவ்,563,3,PROPN,NEN-3SN--
நிலவேம்பு,586,5,PROPN,NEN-3SN--
நிலாரவி,567,4,PROPN,NEN-3SN--
நிவாரணி,583,4,PROPN,NO--3SN--
நிவேதிதா,567,4,PROPN,NEN-3SH--
நூறாண்டு,527,4,PROPN,NEN-3SN--
நெடுவாசல்,753,5,PROPN,NEN-3SN--
நெல்லி,488,3,PROPN,NEN-3SN--
நெல்லூர்,546,4,PROPN,NEN-3SN--
நேதன்,580,3,PROPN,NEN-3SH--
நையாண்டி,580,4,ADV,AA-------
நொண்டி,711,3,PROPN,NEN-3SN--
நோட்டா,507,3,PROPN,NEN-3SN--
பகிர,605,3,ADV,AA-------
பகைவர்,578,4,PROPN,NEN-3SN--
பசுபதி,628,4,PROPN,NEN-3SH--
பச்சை,10328,3,ADV,AA-------
பஞ்சு,1662,3,PROPN,NEN-3SN--
படமா,586,3,PROPN,NEN-3SN--
பட்சி,515,3,PROPN,NEN-3SN--
பட்டன்,760,4,PROPN,NEN-3SH--
பட்டாணி,576,4,PROPN,NEN-3SH--
பணமா,530,3,PROPN,NEN-3SN--
பண்டிதர்,765,5,PROPN,NEN-3SH--
பண்ணு,740,3,ADV,AA-------
பண்றேன்,689,4,PROPN,NEN-3SH--
பதஞ்சலி,747,5,PROPN,NEN-3SH--
பதிகம்,599,4,PROPN,NEN-3SN--
பதினாறாம்,781,5,PROPN,NEN-3SH--
பதினேழாம்,698,5,ADV,AA-------
பதினொரு,689,4,ADV,AA-------
பனியன்,590,4,PROPN,NO--3SN--
பன்றி,1776,3,PROPN,NEN-3SN--
பயமா,608,3,PROPN,NEN-3SN--
பயறு,1037,3,PROPN,NEN-3SN--
பரதேசி,528,4,PROPN,NEN-3SH--
பரப்பன,659,5,ADV,AA-------
பராசக்தி,619,5,PROPN,NEN-3SN--
பரிதாபம்,649,5,PROPN,NEN-3SN--
பரிமளா,534,4,PROPN,NEN-3SH--
பரோடா,516,3,PROPN,NEN-3SN--
பரோட்டா,581,4,PROPN,NEN-3SN--
பரோல்,585,3,PROPN,NEN-3SN--
பர்கூர்,573,4,PROPN,NEN-3SN--
பல்லவன்,675,5,PROPN,NEN-3SN--
பல்லாண்டு,740,5,ADV,AA-------
பழம்,4738,3,PROPN,NEN-3SN--
பவுலர்,529,4,PROPN,NEN-3SH--
பவுல்டு,755,4,PROPN,NEN-3SN--
பாகவதர்,764,5,PROPN,NEN-3SH--
பாக்கம்,520,4,PROPN,NEN-3SN--
பாசஞ்சர்,595,5,PROPN,NEN-3SN--
பாட்டீல்,573,4,PROPN,NEN-3SN--
பாண்டவர்,534,5,PROPN,NEN-3SH--
பாண்டு,719,3,PROPN,NEN-3SH--
பாதிப்பால்,662,5,ADV,AA-------
பாத்தா,784,3,PROPN,NEN-3SH--
பாத்துட்டு,643,5,ADV,AA-------
பானம்,803,3,PROPN,NEN-3SN--
பாரிக்கர்,650,5,PROPN,NEN-3SH--
பார்சல்,725,4,PROPN,NEN-3SN--
பார்சிலோனா,627,5,PROPN,NEN-3SN--
பார்தி,518,3,PROPN,NEN-3SN--
பார்முலா,533,4,PROPN,NEN-3SN--
பார்லி,724,3,PROPN,NEN-3SN--
பாளர்,738,3,PROPN,NEN-3SN--
பாவனா,595,3,PROPN,NEN-3SH--
பிகார்,535,3,PROPN,NEN-3SN--
பிஞ்சு,935,3,PROPN,NEN-3SN--
பித்தன்,600,4,PROPN,NEN-3SH--
பினாங்கு,520,4,PROPN,NEN-3SN--
பின்புறம்,2292,5,ADV,AA-------
பியர்,682,3,PROPN,NEN-3SH--
பிரகாசம்,826,5,PROPN,NEN-3SN--
பிரசாதம்,1032,5,PROPN,NEN-3SN--
பிரமாதம்,554,5,PROPN,NEN-3SH--
பிரமுகர்,1359,5,PROPN,NEN-3SH--
பிரம்மன்,632,5,PROPN,NEN-3SN--
பிரம்மம்,527,5,PROPN,NEN-3SN--
பிரவுசர்,544,5,PROPN,NEN-3SH--
பிரான்சிசு,633,5,PROPN,NEN-3SH--
பிராமணன்,591,5,PROPN,NEN-3SH--
பிறிதொரு,762,4,PRON,RpN-3SN--
பில்லா,634,3,ADV,AA-------
பில்லி,638,3,PROPN,NEN-3SN--
பிளான்,796,3,PROPN,NEN-3SN--
பிளேயர்,758,4,PROPN,NEN-3SN--
பிள்ளை,12642,3,PROPN,NEN-3SH--
பீட்சா,516,3,PROPN,NEN-3SH--
புட்டு,651,3,PROPN,NEN-3SN--
புதிதல்ல,630,5,ADV,AA-------
புதிது,1774,3,ADV,AA-------
புதினா,630,3,PROPN,NEN-3SN--
புதியதொரு,496,5,ADV,AA-------
புதுசு,706,3,PROPN,NEN-3SN--
புத்தன்,506,4,PROPN,NEN-3SH--
புத்திசாலி,1665,5,PROPN,NEN-3SH--
புத்தூர்,498,4,PROPN,NEN-3SN--
புன்னகை,3242,4,ADV,AA-------
புலவர்,4425,4,PROPN,NEN-3SH--
புலிகேசி,786,4,PROPN,NEN-3SH--
பூசாரி,779,3,PROPN,NEN-3SH--
பூட்டு,914,3,ADV,AA-------
பூண்டு,2634,3,PROPN,NEN-3SN--
பூதம்,991,3,PROPN,NEN-3SN--
பூதேவி,562,3,PROPN,NEN-3SH--
பெடரர்,705,4,PROPN,NEN-3SN--
பெப்சி,791,3,PROPN,NEN-3SN--
பெரிசா,613,3,PROPN,NEN-3SN--
பெரிசு,529,3,ADV,AA-------
பெரிதா,568,3,PRON,RpN-3SH--
பெரிது,1384,3,ADV,AA-------
பெரியம்மா,702,5,PROPN,NEN-3SN--
பெரியவன்,647,5,PROPN,NEN-3SH--
பெரியவர்,3393,5,PRON,RpN-3SH--
பெரியவா,761,4,PROPN,NEN-3SN--
பெருக,670,3,ADV,AA-------
பெருசா,784,3,PROPN,NEN-3SN--
பேகம்,798,3,PROPN,NEN-3SN--
பேசுங்கள்,620,5,PRON,RpN-1PA--
பேட்மேன்,603,4,PROPN,NEN-3SN--
பேதுரு,805,3,PROPN,NEN-3SH--
பேரரசு,2582,4,PROPN,NEN-3SN--
பேரரசை,695,4,PROPN,NEA-3SN--
பேரூர்,662,3,PROPN,NEN-3SN--
பேர்வழி,565,4,PROPN,NEN-3SN--
பைரவா,619,3,PROPN,NEN-3SN--
பொதுவா,517,3,PROPN,NEN-3SH--
பொன்சேகா,514,4,PROPN,NEN-3SH--
பொன்னன்,562,4,PROPN,NEN-3SH--
பொன்னி,528,3,PROPN,NEN-3SN--
பொம்மை,2920,3,ADV,AA-------
பொருந்தி,705,4,ADV,AA-------
பொருளா,534,3,PROPN,NEN-3SN--
போகிறாள்,768,4,PROPN,NEN-3SN--
போடுங்கள்,550,5,PRON,RpN-2PA--
போட்டுட்டு,720,5,ADV,AA-------
போதனா,743,3,PROPN,NEN-3SN--
போதாதா,508,3,PROPN,NEN-3SH--
போன்றதொரு,636,5,ADV,AA-------
போரூர்,711,3,PROPN,NEN-3SN--
போர்க்கொடி,677,5,PROPN,NEN-3SN--
போர்டு,1773,3,PROPN,NEN-3SN--
போறது,721,3,PRON,RpN-3SH--
போறோம்,497,3,PRON,RpN-1SA--
மகளிரணி,578,5,PROPN,NEN-3SN--
மகாகவி,891,4,PROPN,NEN-3SH--
மகாத்மா,4087,4,PROPN,NEN-3SH--
மகான்,796,3,PROPN,NEN-3SH--
மகாராணி,722,4,PROPN,NEN-3SN--
மகாவலி,520,4,PROPN,NEN-3SN--
மகேந்திரா,574,5,PROPN,NEN-3SH--
மங்கலம்,797,5,PROPN,NEN-3SN--
மங்கை,647,3,PROPN,NEN-3SN--
மச்சி,744,3,PROPN,NEN-3SN--
மட்டன்,614,4,PROPN,NEN-3SN--
மணலி,513,3,PROPN,NEN-3SN--
மணிமாறன்,518,5,PROPN,NEN-3SH--
மண்டலம்,4093,5,PROPN,NEN-3SN--
மண்டேலா,713,4,PROPN,NEN-3SH--
மனோரமா,683,4,PROPN,NEN-3SH--
மன்னவன்,492,5,PROPN,NEN-3SH--
மன்னா,649,3,PROPN,NEN-3SH--
மன்மதன்,744,5,ADV,AA-------
மம்மி,535,3,PROPN,NEN-3SH--
மயிலம்,583,4,PROPN,NEN-3SN--
மறுநாள்,7710,4,ADV,AA-------
மறுபுறம்,1949,5,ADV,AA-------
மற்று,1083,3,ADV,AA-------
மலாக்கா,598,4,PROPN,NEN-3SN--
மல்லிகை,1000,4,PROPN,NEN-3SN--
மழலையர்,534,5,PROPN,NEN-3SH--
மவுசு,524,3,PROPN,NEN-3SN--
மாங்காய்,560,4,PROPN,NEN-3SN--
மாதவரம்,654,5,PROPN,NEN-3SN--
மாத்தூர்,517,4,PROPN,NEN-3SN--
மாப்ள,493,3,PROPN,NEN-3SH--
மாமன்னர்,631,5,PROPN,NEN-3SH--
மாமல்லர்,774,5,PROPN,NEN-3SH--
மாம்பலம்,560,5,PROPN,NEN-3SN--
மாம்பழம்,784,5,PROPN,NEN-3SN--
மாயாண்டி,601,4,ADV,AA-------
மாறாது,602,3,ADV,AA-------
மாறிமாறி,489,4,ADV,AA-------
மாற்று,11969,3,PROPN,NO--3SN--
மிகுதி,604,3,ADJ,JJ-------
மிகையாகாது,801,5,ADV,AA-------
மிச்சம்,1951,4,PROPN,NEN-3SN--
மிஞ்சி,512,3,ADV,AA-------
மிரண்டு,557,4,ADV,AA-------
மிர்சா,663,3,PROPN,NEN-3SH--
மில்லர்,793,4,PROPN,NEN-3SH--
மீற்றர்,714,4,NUM,Ux-------
முகப்பு,48747,4,ADV,AA-------
முகுந்தன்,516,5,PROPN,NEN-3SH--
முகுல்,721,3,PROPN,NEN-3SN--
முக்கியமா,605,5,ADV,AA-------
முடிகிறதா,545,5,ADV,AA-------
முடியாம,522,4,PROPN,NEN-3SN--
முதலாளி,2124,4,PROPN,NEN-3SN--
முதலிரவு,636,5,ADV,AA-------
முதல்நாள்,770,5,ADV,AA-------
முத்தமிழ்,586,5,PROPN,NEN-3SN--
முனியாண்டி,683,5,PROPN,NEN-3SN--
முனிவர்,2844,4,PROPN,NEN-3SN--
முன்னால,764,4,PROPN,NEN-3SN--
முன்னோக்கி,610,5,ADV,AA-------
முன்புறம்,632,5,ADV,AA-------
முன்மாதிரி,584,5,ADV,AA-------
முப்தி,632,3,PROPN,NEN-3SN--
முயற்சி,21297,4,ADV,AA-------
முருங்கை,710,4,PROPN,NEN-3SN--
முற்பகல்,1026,5,ADV,AA-------
முல்லா,718,3,PROPN,NEN-3SH--
முல்லை,5381,3,PROPN,NEN-3SN--
முழுசா,586,3,PROPN,NEN-3SN--
மூட்டை,2095,3,PROPN,NEN-3SN--
மூதூர்,659,3,PROPN,NEN-3SN--
மூலமா,684,3,PROPN,NEN-3SN--
மூலிகை,1805,3,PROPN,NO--3SN--
மூவாயிரம்,604,5,NUM,Ux-------
மெதுவா,547,3,PROPN,NEN-3SN--
மெய்நிகர்,710,5,PROPN,NO--3SN--
மெரூன்,568,3,PROPN,NEN-3SN--
மெளனம்,652,4,PROPN,NEN-3SH--
மேகலா,581,3,PROPN,NEN-3SN--
மேட்டர்,743,4,PROPN,NEN-3SH--
மேத்யூ,558,3,PROPN,NEN-3SH--
மேலுள்ள,763,4,ADV,AA-------
மேலேறி,645,3,ADV,AA-------
மைக்கல்,581,4,PROPN,NEN-3SH--
மைத்திரி,724,4,PROPN,NEN-3SH--
மொத்தம்,32336,4,ADV,AA-------
மோகினி,807,3,PROPN,NEN-3SH--
மோசமானது,572,5,ADV,AA-------
மோர்கன்,537,4,PROPN,NEN-3SN--
ம்தேதி,708,3,ADV,AA-------
ம்ம்ம்,562,3,ADV,AA-------
யமுனா,481,3,PROPN,NEN-3SH--
யாக்கோபு,545,4,PROPN,NEN-3SH--
யாதவர்,514,4,PROPN,NEN-3SH--
யாளர்,564,3,PROPN,NEN-3SN--
யுத்தன்,492,4,ADV,AA-------
யுவர்,537,3,PROPN,NEN-3SH--
யெச்சூரி,646,4,PROPN,NEN-3SN--
யோகராணி,639,4,PROPN,NEN-3SH--
யோசேப்பு,517,4,PROPN,NEN-3SH--
ரகுபதி,545,4,PROPN,NEN-3SH--
ரசிகன்,1183,4,PROPN,NEN-3SH--
ரசீது,620,3,PROPN,NEN-3SH--
ரஞ்சி,608,3,PROPN,NEN-3SH--
ரத்தன்,605,4,PROPN,NEN-3SH--
ரத்னம்,508,4,PROPN,NEN-3SH--
ரமணா,526,3,PROPN,NEN-3SH--
ரமலான்,584,4,PROPN,NEN-3SN--
ராகவா,708,3,PROPN,NEN-3SH--
ராக்கி,527,3,PROPN,NEN-3SN--
ராஞ்சி,487,3,PROPN,NEN-3SN--
ராதாரவி,747,4,PROPN,NEN-3SH--
ராமாயணம்,797,5,PROPN,NEN-3SN--
ராம்தேவ்,499,4,PROPN,NEN-3SH--
ராயபுரம்,655,5,PROPN,NEN-3SN--
ருபாய்,614,3,PROPN,NEN-3SN--
ரெட்மி,536,3,PROPN,NEN-3SN--
ரெண்டாவது,621,5,ADJ,Uy-------
ரெய்டு,803,3,ADV,AA-------
ரேசன்,580,3,PROPN,NEN-3SH--
ரொட்டி,773,3,PROPN,NEN-3SN--
ரோட்டரி,502,4,PROPN,NEN-3SN--
லக்கானி,605,4,PROPN,NEN-3SN--
லயோலா,526,3,PROPN,NEN-3SN--
லாபம்,10927,3,PROPN,NEN-3SN--
லாளர்,795,3,PROPN,NEN-3SH--
லிவர்பூல்,519,5,PROPN,NEN-3SN--
லெவன்,734,3,PROPN,NEN-3SH--
லொள்ளு,487,3,ADV,AA-------
வகையறா,637,4,PROPN,NEN-3SH--
வக்கீல்,1372,4,PROPN,NEN-3SN--
வங்காளம்,916,5,PROPN,NEN-3SN--
வசந்தி,723,4,PROPN,NEN-3SN--
வச்சி,686,3,ADV,AA-------
வடபழனி,710,5,PROPN,NEN-3SN--
வண்டலூர்,703,5,PROPN,NEN-3SN--
வண்ணம்,9341,4,ADV,AA-------
வதக்கி,721,4,PROPN,NEN-3SN--
வந்தவள்,553,5,ADV,AA-------
வந்தாச்சு,543,5,PROPN,NEN-3SN--
வந்துச்சு,767,5,ADV,AA-------
வன்னியர்,658,5,PROPN,NEN-3SN--
வன்பொருள்,530,5,PROPN,NO--3SN--
வரதன்,623,4,PROPN,NEN-3SH--
வரன்,1181,3,PRON,RpN-3SH--
வருகிறதா,604,5,PRON,RpN-1SA--
வருந்தி,651,4,ADV,AA-------
வர்தா,492,3,PROPN,NEN-3SN--
வர்றேன்,667,4,PROPN,NEN-3SH--
வலதுசாரி,598,5,PROPN,NO--3SN--
வல்லபாய்,610,5,PROPN,NEN-3SH--
வல்லமை,1903,4,ADV,AA-------
வல்லம்,541,4,PROPN,NEN-3SN--
வல்லரசு,660,5,PROPN,NEN-3SN--
வல்லவன்,642,5,PROPN,NEN-3SH--
வழுதி,595,3,PROPN,NEN-3SN--
வாங்கிட்டு,793,5,ADV,AA-------
வாசகன்,868,4,PROPN,NEN-3SH--
வாசுதேவ்,487,4,PROPN,NEN-3SH--
வாதாபி,571,3,PROPN,NEN-3SN--
வாலிபன்,667,4,PROPN,NEN-3SN--
வாலிபர்,1997,4,PROPN,NEN-3SN--
வாலிபால்,547,4,ADV,AA-------
வால்டர்,505,4,PROPN,NEN-3SH--
வால்மீகி,631,4,PROPN,NEN-3SN--
விசனம்,540,4,PROPN,NEN-3SN--
விசாலாட்சி,776,5,PROPN,NEN-3SN--
விசிறி,888,3,PROPN,NEN-3SH--
விசுவாசி,508,4,ADV,AA-------
விடலாமா,656,4,PROPN,NEN-3SH--
விடுமா,484,3,ADV,AA-------
விடுவர்,544,4,ADV,AA-------
விட்டா,576,3,PROPN,NEN-3SN--
விண்வெளி,6106,4,PROPN,NO--3SN--
வினய்,761,3,PROPN,NEN-3SH--
விபூதி,688,3,PROPN,NEN-3SN--
விமலன்,514,4,PROPN,NEN-3SH--
விமானி,762,3,PROPN,NO--3SN--
விம்மி,587,3,PROPN,NEN-3SN--
வியாசர்,520,4,PROPN,NEN-3SH--
வியாபாரம்,6401,5,PROPN,NEN-3SN--
விரும்பு,523,4,ADV,AA-------
விலாசம்,569,4,PROPN,NEN-3SN--
வில்லி,578,3,PROPN,NEN-3SH--
விளாசி,635,3,PROPN,NEN-3SN--
விளாடிமிர்,641,5,PROPN,NEN-3SH--
விழுது,692,3,PROPN,NEN-3SN--
விவசாயி,5122,4,PROPN,NEN-3SH--
வீரகேசரி,606,5,PROPN,NEN-3SN--
வீரப்பன்,705,5,PROPN,NEN-3SH--
வெகுநேரம்,484,5,ADV,AA-------
வெங்காயம்,3004,5,PROPN,NEN-3SN--
வெண்ணிலா,489,4,PROPN,NEN-3SH--
வெல்லம்,1257,4,PROPN,NEN-3SN--
வெல்வது,527,4,PRON,RpD-3SH--
வெளிநாடு,2977,4,PROPN,NEN-3SN--
வெளியில,533,4,PROPN,NEN-3SN--
வெளியேறு,594,4,ADV,AA-------
வேகமா,624,3,PROPN,NEN-3SN--
வேகமாய்,730,4,ADV,AA-------
வேடன்,510,3,PROPN,NEN-3SN--
வேட்டையாடி,514,5,ADV,AA-------
வேணுமா,487,3,PROPN,NEN-3SH--
வேண்டா,697,3,ADV,AA-------
வேண்டுமாம்,625,5,PRON,RpN-3SH--
வேதாந்தம்,12425,5,PROPN,NEN-3SN--
வேதாந்தா,652,4,PROPN,NEN-3SN--
வேற்றுமை,1497,4,PROPN,NEN-3SN--
வேலாயுதம்,673,5,PROPN,NEN-3SN--
வைகானசம்,546,5,PROPN,NEN-3SN--
வைக்குமாறு,649,5,ADV,AA-------
வைத்தியர்,1031,5,PROPN,NEN-3SH--
வைரலாகி,763,4,PROPN,NEN-3SN--
வோடபோன்,548,4,PROPN,NEN-3SN--
