word,frequency,length,category,tag_detail
அகதி,1180,3,NOUN,NOMINAL_SUFFIX_தி
அகதிகள்,3064,5,NOUN,BASE_NOUN_CONSONANT_ள்
அகம்,1313,3,NOUN,NOMINAL_SUFFIX_அகம்
அகராதி,1310,4,NOUN,NOMINAL_SUFFIX_தி
அகலம்,1579,4,NOUN,BASE_NOUN_CONSONANT_ம்
அக்கம்,1161,4,NOUN,BASE_NOUN_CONSONANT_ம்
அங்கம்,2441,4,NOUN,BASE_NOUN_CONSONANT_ம்
அச்சம்,4817,4,NOUN,BASE_NOUN_CONSONANT_ம்
அச்சு,3026,3,NOUN,BASE_NOUN_VOWEL_சு
அஞ்சல்,5188,4,NOUN,BASE_NOUN_CONSONANT_ல்
அடக்கம்,4157,5,NOUN,BASE_NOUN_CONSONANT_ம்
அடிகள்,1999,4,NOUN,BASE_NOUN_CONSONANT_ள்
அடிக்கல்,1690,5,NOUN,BASE_NOUN_CONSONANT_ல்
அடிமை,2992,3,NOUN,NOMINAL_SUFFIX_மை
அடிமைகள்,1180,5,NOUN,BASE_NOUN_CONSONANT_ள்
அடைப்பு,2156,4,NOUN,NOMINAL_SUFFIX_பு
அடையாளம்,40443,5,NOUN,BASE_NOUN_CONSONANT_ம்
அட்டை,6750,3,NOUN,BASE_NOUN
அட்டைகள்,1696,5,NOUN,BASE_NOUN_CONSONANT_ள்
அணிகள்,7621,4,NOUN,BASE_NOUN_CONSONANT_ள்
அணுக்கள்,1376,5,NOUN,BASE_NOUN_CONSONANT_ள்
அணுசக்தி,1711,5,NOUN,NOMINAL_SUFFIX_தி
அணைகள்,1391,4,NOUN,BASE_NOUN_CONSONANT_ள்
அண்ணன்,8120,4,NOUN,BASE_NOUN_CONSONANT_ன்
அதிகாரம்,11196,5,NOUN,BASE_NOUN_CONSONANT_ம்
அதிகாரி,26107,4,NOUN,NOMINAL_SUFFIX_காரி
அதிசயம்,1824,5,NOUN,BASE_NOUN_CONSONANT_ம்
அதிபர்,22214,4,NOUN,BASE_NOUN_CONSONANT_ர்
அதிபுனைவு,11279,5,NOUN,NOMINAL_SUFFIX_வு
அதிரடி,7013,4,NOUN,BASE_NOUN
அதிருப்தி,3210,5,NOUN,NOMINAL_SUFFIX_தி
அதிர்ச்சி,9415,5,NOUN,NOMINAL_SUFFIX_சி
அனல்,2861,3,NOUN,BASE_NOUN_CONSONANT_ல்
அனுகூலம்,1811,5,NOUN,BASE_NOUN_CONSONANT_ம்
அனுபவம்,50181,5,NOUN,BASE_NOUN_CONSONANT_ம்
அனுமதி,26899,4,NOUN,NOMINAL_SUFFIX_தி
அன்னை,5520,3,NOUN,BASE_NOUN
அன்பு,14251,3,NOUN,NOMINAL_SUFFIX_பு
அபராதம்,5106,5,NOUN,BASE_NOUN_CONSONANT_ம்
அபாயம்,4162,4,NOUN,BASE_NOUN_CONSONANT_ம்
அப்பா,131428,3,NOUN,BASE_NOUN
அப்பாவி,4162,4,NOUN,BASE_NOUN
அமரர்,1959,4,NOUN,BASE_NOUN_CONSONANT_ர்
அமர்வு,6546,4,NOUN,NOMINAL_SUFFIX_வு
அமாவாசை,2296,4,NOUN,BASE_NOUN
அமிலம்,3555,4,NOUN,BASE_NOUN_CONSONANT_ம்
அமைச்சர்,63307,5,NOUN,KNOWN_BASE_NOUN
அமைச்சு,1835,4,NOUN,BASE_NOUN_VOWEL_சு
அமைதி,8829,3,NOUN,NOMINAL_SUFFIX_தி
அமைப்பு,27256,4,NOUN,NOMINAL_SUFFIX_பு
அம்சம்,3067,4,NOUN,BASE_NOUN_CONSONANT_ம்
அம்பு,1777,3,NOUN,NOMINAL_SUFFIX_பு
அம்மா,39114,3,NOUN,BASE_NOUN
அயல்,1422,3,NOUN,BASE_NOUN_CONSONANT_ல்
அரங்கம்,1580,5,NOUN,BASE_NOUN_CONSONANT_ம்
அரசன்,5766,4,NOUN,NOMINAL_SUFFIX_அரசன்
அரசர்,3767,4,NOUN,BASE_NOUN_CONSONANT_ர்
அரசி,1676,3,NOUN,NOMINAL_SUFFIX_அரசி
அரசியல்,142342,5,NOUN,BASE_NOUN_CONSONANT_ல்
அரசு,219781,3,NOUN,BASE_NOUN_VOWEL_சு
அரசுகள்,6632,5,NOUN,BASE_NOUN_CONSONANT_ள்
அரிசி,7568,3,NOUN,NOMINAL_SUFFIX_சி
அருமை,5647,3,NOUN,NOMINAL_SUFFIX_மை
அருவி,1895,3,NOUN,BASE_NOUN
அர்த்தம்,8715,5,NOUN,BASE_NOUN_CONSONANT_ம்
அறிஞர்,58499,4,NOUN,KNOWN_BASE_NOUN
அறிமுகம்,62465,5,NOUN,BASE_NOUN_CONSONANT_ம்
அறிவிப்பு,24462,5,NOUN,NOMINAL_SUFFIX_பு
அறிவியல்,160174,5,NOUN,BASE_NOUN_CONSONANT_ல்
அறிவு,59635,3,NOUN,NOMINAL_SUFFIX_வு
அறைகள்,2652,4,NOUN,BASE_NOUN_CONSONANT_ள்
அற்புதம்,1697,5,NOUN,BASE_NOUN_CONSONANT_ம்
அலகு,2343,3,NOUN,BASE_NOUN_VOWEL_கு
அலுவலர்,10636,5,NOUN,BASE_NOUN_CONSONANT_ர்
அலுவல்,1425,4,NOUN,BASE_NOUN_CONSONANT_ல்
அலைகள்,2826,4,NOUN,BASE_NOUN_CONSONANT_ள்
அலைச்சல்,1236,5,NOUN,BASE_NOUN_CONSONANT_ல்
அளவு,32448,3,NOUN,NOMINAL_SUFFIX_வு
அழகி,1959,3,NOUN,BASE_NOUN
அழகு,10516,3,NOUN,BASE_NOUN_VOWEL_கு
அழற்சி,1424,4,NOUN,NOMINAL_SUFFIX_சி
அழிவு,1429,3,NOUN,NOMINAL_SUFFIX_வு
அழுகை,1924,3,NOUN,NOMINAL_SUFFIX_கை
அழுத்தம்,9828,5,NOUN,BASE_NOUN_CONSONANT_ம்
அழைப்பு,11079,4,NOUN,NOMINAL_SUFFIX_பு
அவகாசம்,5014,5,NOUN,BASE_NOUN_CONSONANT_ம்
அவசியம்,23081,5,NOUN,BASE_NOUN_CONSONANT_ம்
அவதாரம்,2472,5,NOUN,BASE_NOUN_CONSONANT_ம்
அவதூறு,2228,4,NOUN,BASE_NOUN_VOWEL_று
அவரவர்,5154,5,NOUN,BASE_NOUN_CONSONANT_ர்
அவலம்,1376,4,NOUN,BASE_NOUN_CONSONANT_ம்
அவைகள்,2858,4,NOUN,BASE_NOUN_CONSONANT_ள்
ஆகியோர்,41917,4,NOUN,BASE_NOUN_CONSONANT_ர்
ஆக்கம்,1408,4,NOUN,BASE_NOUN_CONSONANT_ம்
ஆசிரியர்,50284,5,NOUN,KNOWN_BASE_NOUN
ஆடவர்,2188,4,NOUN,BASE_NOUN_CONSONANT_ர்
ஆடுகள்,1662,4,NOUN,BASE_NOUN_CONSONANT_ள்
ஆடைகள்,1968,4,NOUN,BASE_NOUN_CONSONANT_ள்
ஆட்கள்,3835,4,NOUN,BASE_NOUN_CONSONANT_ள்
ஆட்சி,29016,3,NOUN,NOMINAL_SUFFIX_சி
ஆட்சியர்,9369,5,NOUN,BASE_NOUN_CONSONANT_ர்
ஆட்சேபம்,25083,5,NOUN,BASE_NOUN_CONSONANT_ம்
ஆட்டம்,10483,4,NOUN,BASE_NOUN_CONSONANT_ம்
ஆட்டி,1187,3,NOUN,BASE_NOUN
ஆணையம்,13707,4,NOUN,BASE_NOUN_CONSONANT_ம்
ஆணையர்,9905,4,NOUN,BASE_NOUN_CONSONANT_ர்
ஆணையாளர்,1409,5,NOUN,BASE_NOUN_CONSONANT_ர்
ஆண்கள்,29194,4,NOUN,BASE_NOUN_CONSONANT_ள்
ஆண்டு,174203,3,NOUN,NOMINAL_SUFFIX_டு
ஆண்டுகள்,26453,5,NOUN,BASE_NOUN_CONSONANT_ள்
ஆண்மை,1281,3,NOUN,NOMINAL_SUFFIX_மை
ஆதரவு,22381,4,NOUN,NOMINAL_SUFFIX_வு
ஆதாயம்,2345,4,NOUN,BASE_NOUN_CONSONANT_ம்
ஆதாரம்,4219,4,NOUN,BASE_NOUN_CONSONANT_ம்
ஆதிக்கம்,5575,5,NOUN,BASE_NOUN_CONSONANT_ம்
ஆத்திரம்,1495,5,NOUN,BASE_NOUN_CONSONANT_ம்
ஆனந்தம்,1435,5,NOUN,BASE_NOUN_CONSONANT_ம்
ஆயர்,1297,3,NOUN,BASE_NOUN_CONSONANT_ர்
ஆயுதம்,3453,4,NOUN,BASE_NOUN_CONSONANT_ம்
ஆயுள்,5580,3,NOUN,BASE_NOUN_CONSONANT_ள்
ஆய்வாளர்,5977,5,NOUN,BASE_NOUN_CONSONANT_ர்
ஆய்வியல்,11341,5,NOUN,BASE_NOUN_CONSONANT_ல்
ஆய்வு,52042,3,NOUN,NOMINAL_SUFFIX_வு
ஆய்வுகள்,5755,5,NOUN,BASE_NOUN_CONSONANT_ள்
ஆரம்பம்,3799,5,NOUN,BASE_NOUN_CONSONANT_ம்
ஆராய்ச்சி,14713,5,NOUN,NOMINAL_SUFFIX_சி
ஆர்வம்,13447,4,NOUN,BASE_NOUN_CONSONANT_ம்
ஆர்வலர்,2051,5,NOUN,BASE_NOUN_CONSONANT_ர்
ஆறுகள்,1841,4,NOUN,BASE_NOUN_CONSONANT_ள்
ஆறுதல்,5376,4,NOUN,NOMINAL_SUFFIX_தல்
ஆற்றல்,10093,4,NOUN,BASE_NOUN_CONSONANT_ல்
ஆற்று,1855,3,NOUN,KNOWN_BASE_NOUN
ஆலயம்,4429,4,NOUN,BASE_NOUN_CONSONANT_ம்
ஆலைகள்,1663,4,NOUN,BASE_NOUN_CONSONANT_ள்
ஆலோசகர்,2370,5,NOUN,BASE_NOUN_CONSONANT_ர்
ஆளுநர்,12805,4,NOUN,BASE_NOUN_CONSONANT_ர்
ஆளுமை,16000,3,NOUN,NOMINAL_SUFFIX_மை
ஆழம்,2060,3,NOUN,BASE_NOUN_CONSONANT_ம்
ஆவணம்,1665,4,NOUN,BASE_NOUN_CONSONANT_ம்
ஆவல்,1581,3,NOUN,BASE_NOUN_CONSONANT_ல்
இஞ்சி,1883,3,NOUN,NOMINAL_SUFFIX_சி
இடங்கள்,8331,5,NOUN,BASE_NOUN_CONSONANT_ள்
இடுப்பு,1512,4,NOUN,NOMINAL_SUFFIX_பு
இடையூறு,1978,4,NOUN,BASE_NOUN_VOWEL_று
இடைவெளி,4413,4,NOUN,BASE_NOUN_VOWEL_ளி
இணைப்பு,8679,4,NOUN,NOMINAL_SUFFIX_பு
இணையம்,4203,4,NOUN,BASE_NOUN_CONSONANT_ம்
இதயம்,32864,4,NOUN,BASE_NOUN_CONSONANT_ம்
இதழ்,2782795,3,NOUN,BASE_NOUN_CONSONANT_ழ்
இதழ்கள்,84610,5,NOUN,BASE_NOUN_CONSONANT_ள்
இந்நூல்,3149,4,NOUN,BASE_NOUN_CONSONANT_ல்
இனங்கள்,2526,5,NOUN,BASE_NOUN_CONSONANT_ள்
இனம்,7586,3,NOUN,BASE_NOUN_CONSONANT_ம்
இனிப்பு,2596,4,NOUN,NOMINAL_SUFFIX_பு
இன்பம்,3400,4,NOUN,BASE_NOUN_CONSONANT_ம்
இப்பகுதி,2610,5,NOUN,NOMINAL_SUFFIX_தி
இப்படம்,6138,5,NOUN,BASE_NOUN_CONSONANT_ம்
இமையம்,29621,4,NOUN,BASE_NOUN_CONSONANT_ம்
இம்மாதம்,1552,5,NOUN,BASE_NOUN_CONSONANT_ம்
இயக்கம்,12143,5,NOUN,BASE_NOUN_CONSONANT_ம்
இயக்கி,4306,4,NOUN,BASE_NOUN
இயன்,11803,3,NOUN,BASE_NOUN_CONSONANT_ன்
இயற்கை,32745,4,NOUN,KNOWN_BASE_NOUN
இயல்,2157,3,NOUN,BASE_NOUN_CONSONANT_ல்
இரக்கம்,1271,5,NOUN,BASE_NOUN_CONSONANT_ம்
இரங்கல்,2337,5,NOUN,BASE_NOUN_CONSONANT_ல்
இரட்டை,9021,4,NOUN,BASE_NOUN
இரத்தம்,2475,5,NOUN,BASE_NOUN_CONSONANT_ம்
இரவு,40367,3,NOUN,NOMINAL_SUFFIX_வு
இரவுகள்,2108,5,NOUN,BASE_NOUN_CONSONANT_ள்
இராகம்,1658,4,NOUN,BASE_NOUN_CONSONANT_ம்
இராணுவம்,2532,5,NOUN,BASE_NOUN_CONSONANT_ம்
இருட்டு,1192,4,NOUN,NOMINAL_SUFFIX_டு
இருத்தல்,2590,5,NOUN,NOMINAL_SUFFIX_த்தல்
இருப்பு,3449,4,NOUN,NOMINAL_SUFFIX_பு
இருமல்,1648,4,NOUN,BASE_NOUN_CONSONANT_ல்
இரும்பு,5608,4,NOUN,NOMINAL_SUFFIX_பு
இருள்,3032,3,NOUN,BASE_NOUN_CONSONANT_ள்
இருவர்,8001,4,NOUN,BASE_NOUN_CONSONANT_ர்
இறப்பு,6136,4,NOUN,NOMINAL_SUFFIX_பு
இறுதி,20407,3,NOUN,NOMINAL_SUFFIX_தி
இறைச்சி,2421,4,NOUN,NOMINAL_SUFFIX_சி
இறையியல்,12045,5,NOUN,BASE_NOUN_CONSONANT_ல்
இறைவன்,8706,4,NOUN,BASE_NOUN_CONSONANT_ன்
இலவசம்,1586,5,NOUN,BASE_NOUN_CONSONANT_ம்
இலைகள்,2557,4,NOUN,BASE_NOUN_CONSONANT_ள்
இளமை,1606,3,NOUN,NOMINAL_SUFFIX_மை
இளம்,46361,3,NOUN,BASE_NOUN_CONSONANT_ம்
இளம்பெண்,1583,5,NOUN,BASE_NOUN_CONSONANT_ண்
இளைஞன்,3637,4,NOUN,BASE_NOUN_CONSONANT_ன்
இளைஞர்,10626,4,NOUN,KNOWN_BASE_NOUN
இழப்பீடு,3301,5,NOUN,NOMINAL_SUFFIX_டு
இழப்பு,6370,4,NOUN,NOMINAL_SUFFIX_பு
இவைகள்,1891,4,NOUN,BASE_NOUN_CONSONANT_ள்
இவ்வளவு,16118,5,NOUN,NOMINAL_SUFFIX_வு
ஈடுபாடு,4649,4,NOUN,NOMINAL_SUFFIX_டு
ஈட்டி,1209,3,NOUN,BASE_NOUN
ஈரம்,2179,3,NOUN,BASE_NOUN_CONSONANT_ம்
ஈர்ப்பு,3263,4,NOUN,NOMINAL_SUFFIX_பு
உச்சம்,1567,4,NOUN,BASE_NOUN_CONSONANT_ம்
உச்சி,2035,3,NOUN,NOMINAL_SUFFIX_சி
உடன்பாடு,2316,5,NOUN,NOMINAL_SUFFIX_டு
உடம்பு,4075,4,NOUN,NOMINAL_SUFFIX_பு
உடல்,58704,3,NOUN,BASE_NOUN_CONSONANT_ல்
உடல்கள்,1623,5,NOUN,BASE_NOUN_CONSONANT_ள்
உடைகள்,1261,4,NOUN,BASE_NOUN_CONSONANT_ள்
உடையவர்,1502,5,NOUN,BASE_NOUN_CONSONANT_ர்
உணர்ச்சி,3785,5,NOUN,NOMINAL_SUFFIX_சி
உணர்வு,9416,4,NOUN,NOMINAL_SUFFIX_வு
உணவகம்,1481,5,NOUN,BASE_NOUN_CONSONANT_ம்
உணவு,34217,3,NOUN,NOMINAL_SUFFIX_வு
உணவுகள்,2819,5,NOUN,BASE_NOUN_CONSONANT_ள்
உண்மை,24758,3,NOUN,NOMINAL_SUFFIX_மை
உண்மைகள்,1936,5,NOUN,BASE_NOUN_CONSONANT_ள்
உதவி,35059,3,NOUN,BASE_NOUN
உதவிகள்,4031,5,NOUN,BASE_NOUN_CONSONANT_ள்
உதாரணம்,4943,5,NOUN,BASE_NOUN_CONSONANT_ம்
உத்தரவு,12069,5,NOUN,NOMINAL_SUFFIX_வு
உத்திகள்,1320,5,NOUN,BASE_NOUN_CONSONANT_ள்
உபதேசம்,2085,5,NOUN,BASE_NOUN_CONSONANT_ம்
உபரி,1477,3,NOUN,BASE_NOUN_VOWEL_ரி
உப்பு,8199,3,NOUN,NOMINAL_SUFFIX_பு
உயரம்,6435,4,NOUN,BASE_NOUN_CONSONANT_ம்
உயர்,45049,3,NOUN,BASE_NOUN_CONSONANT_ர்
உயர்வு,12033,4,NOUN,NOMINAL_SUFFIX_வு
உயிரி,1278,3,NOUN,BASE_NOUN_VOWEL_ரி
உயிரியல்,15431,5,NOUN,BASE_NOUN_CONSONANT_ல்
உயிர்,21354,3,NOUN,BASE_NOUN_CONSONANT_ர்
உயிர்கள்,2078,5,NOUN,BASE_NOUN_CONSONANT_ள்
உரம்,2292,3,NOUN,BASE_NOUN_CONSONANT_ம்
உரிமம்,4112,4,NOUN,BASE_NOUN_CONSONANT_ம்
உரிமை,23647,3,NOUN,NOMINAL_SUFFIX_மை
உரிமைகள்,7436,5,NOUN,BASE_NOUN_CONSONANT_ள்
உருவம்,4913,4,NOUN,BASE_NOUN_CONSONANT_ம்
உரையாடல்,15342,5,NOUN,BASE_NOUN_CONSONANT_ல்
உறக்கம்,1225,5,NOUN,BASE_NOUN_CONSONANT_ம்
உறவு,11481,3,NOUN,NOMINAL_SUFFIX_வு
உறவுகள்,27981,5,NOUN,BASE_NOUN_CONSONANT_ள்
உறுதி,23180,3,NOUN,NOMINAL_SUFFIX_தி
உறுதிமொழி,1395,5,NOUN,BASE_NOUN_VOWEL_ழி
உறுப்பு,3889,4,NOUN,NOMINAL_SUFFIX_பு
உற்சவம்,1321,5,NOUN,BASE_NOUN_CONSONANT_ம்
உற்சாகம்,2814,5,NOUN,BASE_NOUN_CONSONANT_ம்
உலகம்,26619,4,NOUN,BASE_NOUN_CONSONANT_ம்
உலகு,1287,3,NOUN,BASE_NOUN_VOWEL_கு
உலவுவது,1205,5,NOUN,BASE_NOUN_VOWEL_து
உளவியல்,37719,5,NOUN,BASE_NOUN_CONSONANT_ல்
உளவு,2398,3,NOUN,NOMINAL_SUFFIX_வு
உள்ளனர்,46972,5,NOUN,BASE_NOUN_CONSONANT_ர்
உள்ளம்,4864,4,NOUN,BASE_NOUN_CONSONANT_ம்
உள்ளவர்,1275,5,NOUN,BASE_NOUN_CONSONANT_ர்
உள்ளார்,20134,4,NOUN,BASE_NOUN_CONSONANT_ர்
உள்ளூர்,10211,4,NOUN,BASE_NOUN_CONSONANT_ர்
உழவர்,1408,4,NOUN,BASE_NOUN_CONSONANT_ர்
உழைப்பு,3738,4,NOUN,NOMINAL_SUFFIX_பு
ஊக்கம்,1758,4,NOUN,BASE_NOUN_CONSONANT_ம்
ஊடகம்,2171,4,NOUN,BASE_NOUN_CONSONANT_ம்
ஊதியம்,4626,4,NOUN,BASE_NOUN_CONSONANT_ம்
ஊராட்சி,104081,4,NOUN,NOMINAL_SUFFIX_சி
ஊர்வலம்,2953,5,NOUN,BASE_NOUN_CONSONANT_ம்
ஊழல்,17779,3,NOUN,BASE_NOUN_CONSONANT_ல்
ஊழியர்,5590,4,NOUN,KNOWN_BASE_NOUN
எண்கள்,16088,4,NOUN,BASE_NOUN_CONSONANT_ள்
எண்ணம்,12018,4,NOUN,BASE_NOUN_CONSONANT_ம்
எண்ணிக்கை,23825,5,NOUN,NOMINAL_SUFFIX_கை
எண்ணெய்,16910,4,NOUN,BASE_NOUN_CONSONANT_ய்
எதிரி,3261,3,NOUN,BASE_NOUN_VOWEL_ரி
எதிரிகள்,2322,5,NOUN,BASE_NOUN_CONSONANT_ள்
எதிர்,10964,3,NOUN,BASE_NOUN_CONSONANT_ர்
எதிர்ப்பு,21402,5,NOUN,NOMINAL_SUFFIX_பு
எரிசக்தி,1376,5,NOUN,NOMINAL_SUFFIX_தி
எரிச்சல்,2142,5,NOUN,BASE_NOUN_CONSONANT_ல்
எரிபொருள்,3512,5,NOUN,BASE_NOUN_CONSONANT_ள்
எரிவாயு,4146,4,NOUN,BASE_NOUN
எருமை,1491,3,NOUN,NOMINAL_SUFFIX_மை
எலுமிச்சை,2341,5,NOUN,BASE_NOUN
எலும்பு,3226,4,NOUN,NOMINAL_SUFFIX_பு
எல்லை,7621,3,NOUN,BASE_NOUN
எல்லைகள்,1462,5,NOUN,BASE_NOUN_CONSONANT_ள்
எழுச்சி,2679,4,NOUN,NOMINAL_SUFFIX_சி
ஏக்கம்,1645,4,NOUN,BASE_NOUN_CONSONANT_ம்
ஏமாற்றம்,2488,5,NOUN,BASE_NOUN_CONSONANT_ம்
ஏரிகள்,1765,4,NOUN,BASE_NOUN_CONSONANT_ள்
ஏற்பாடு,16292,4,NOUN,NOMINAL_SUFFIX_டு
ஏற்றம்,1894,4,NOUN,BASE_NOUN_CONSONANT_ம்
ஏற்றுமதி,6437,5,NOUN,NOMINAL_SUFFIX_தி
ஏலம்,3758,3,NOUN,BASE_NOUN_CONSONANT_ம்
ஏழைகள்,1553,4,NOUN,BASE_NOUN_CONSONANT_ள்
ஐயம்,1364,3,NOUN,BASE_NOUN_CONSONANT_ம்
ஒதுக்கீடு,8144,5,NOUN,NOMINAL_SUFFIX_டு
ஒத்திகை,1355,4,NOUN,NOMINAL_SUFFIX_கை
ஒன்றியம்,4525,5,NOUN,BASE_NOUN_CONSONANT_ம்
ஒப்புதல்,8813,5,NOUN,NOMINAL_SUFFIX_தல்
ஒருநாள்,18338,4,NOUN,BASE_NOUN_CONSONANT_ள்
ஒருவகை,1361,4,NOUN,NOMINAL_SUFFIX_கை
ஒருவன்,13343,4,NOUN,BASE_NOUN_CONSONANT_ன்
ஒருவர்,65140,4,NOUN,BASE_NOUN_CONSONANT_ர்
ஒற்றுமை,3751,4,NOUN,NOMINAL_SUFFIX_மை
ஒற்றை,5416,3,NOUN,BASE_NOUN
ஒற்றையர்,1978,5,NOUN,BASE_NOUN_CONSONANT_ர்
ஒழிப்பு,3930,4,NOUN,NOMINAL_SUFFIX_பு
ஒழுக்கம்,2124,5,NOUN,BASE_NOUN_CONSONANT_ம்
ஒழுங்கு,5165,4,NOUN,BASE_NOUN_VOWEL_கு
ஒவ்வோர்,1856,4,NOUN,BASE_NOUN_CONSONANT_ர்
ஓட்டம்,4028,4,NOUN,BASE_NOUN_CONSONANT_ம்
ஓட்டி,1813,3,NOUN,BASE_NOUN
ஓட்டிகள்,1504,5,NOUN,BASE_NOUN_CONSONANT_ள்
ஓட்டு,4427,3,NOUN,NOMINAL_SUFFIX_டு
ஓட்டுகள்,1374,5,NOUN,BASE_NOUN_CONSONANT_ள்
ஓட்டுநர்,4277,5,NOUN,BASE_NOUN_CONSONANT_ர்
ஓய்வு,11477,3,NOUN,NOMINAL_SUFFIX_வு
ஓவியம்,26290,4,NOUN,BASE_NOUN_CONSONANT_ம்
ஓவியர்,1460,4,NOUN,BASE_NOUN_CONSONANT_ர்
கசிவு,1473,3,NOUN,NOMINAL_SUFFIX_வு
கச்சேரி,1807,4,NOUN,BASE_NOUN_VOWEL_ரி
கஞ்சி,1617,3,NOUN,NOMINAL_SUFFIX_சி
கடத்தல்,5482,5,NOUN,NOMINAL_SUFFIX_த்தல்
கடன்,26787,3,NOUN,BASE_NOUN_CONSONANT_ன்
கடன்கள்,1357,5,NOUN,BASE_NOUN_CONSONANT_ள்
கடமை,7052,3,NOUN,NOMINAL_SUFFIX_மை
கடல்,22823,3,NOUN,BASE_NOUN_CONSONANT_ல்
கடவு,14340,3,NOUN,NOMINAL_SUFFIX_வு
கடவுள்,19836,4,NOUN,KNOWN_BASE_NOUN
கடிகாரம்,1375,5,NOUN,BASE_NOUN_CONSONANT_ம்
கடிதம்,145291,4,NOUN,BASE_NOUN_CONSONANT_ம்
கடுகு,1928,3,NOUN,BASE_NOUN_VOWEL_கு
கடைகள்,6611,4,NOUN,BASE_NOUN_CONSONANT_ள்
கட்சி,51317,3,NOUN,NOMINAL_SUFFIX_சி
கட்சிகள்,12085,5,NOUN,BASE_NOUN_CONSONANT_ள்
கட்டடம்,2124,5,NOUN,BASE_NOUN_CONSONANT_ம்
கட்டணம்,14375,5,NOUN,BASE_NOUN_CONSONANT_ம்
கட்டம்,1989,4,NOUN,BASE_NOUN_CONSONANT_ம்
கட்டாயம்,8133,5,NOUN,BASE_NOUN_CONSONANT_ம்
கட்டி,15194,3,NOUN,BASE_NOUN
கட்டிடம்,5851,5,NOUN,BASE_NOUN_CONSONANT_ம்
கட்டு,2091,3,NOUN,NOMINAL_SUFFIX_டு
கட்டுவது,1229,5,NOUN,BASE_NOUN_VOWEL_து
கட்டை,1984,3,NOUN,BASE_NOUN
கணம்,3067,3,NOUN,BASE_NOUN_CONSONANT_ம்
கணவன்,10909,4,NOUN,BASE_NOUN_CONSONANT_ன்
கணவர்,9839,4,NOUN,BASE_NOUN_CONSONANT_ர்
கணிதம்,14737,4,NOUN,BASE_NOUN_CONSONANT_ம்
கணினி,9243,3,NOUN,BASE_NOUN
கணிப்பு,1928,4,NOUN,NOMINAL_SUFFIX_பு
கண்கள்,9906,4,NOUN,BASE_NOUN_CONSONANT_ள்
கண்காட்சி,4595,5,NOUN,NOMINAL_SUFFIX_சி
கண்டம்,1606,4,NOUN,BASE_NOUN_CONSONANT_ம்
கண்ணாடி,7132,4,NOUN,BASE_NOUN
கண்ணீர்,4705,4,NOUN,BASE_NOUN_CONSONANT_ர்
கதவு,58141,3,NOUN,NOMINAL_SUFFIX_வு
கதவுகள்,1668,5,NOUN,BASE_NOUN_CONSONANT_ள்
கதிரவன்,1226,5,NOUN,BASE_NOUN_CONSONANT_ன்
கதிர்,3097,3,NOUN,BASE_NOUN_CONSONANT_ர்
கதிர்கள்,1154,5,NOUN,BASE_NOUN_CONSONANT_ள்
கதைகள்,382202,4,NOUN,BASE_NOUN_CONSONANT_ள்
கனஅடி,1300,4,NOUN,BASE_NOUN
கனமழை,3773,4,NOUN,BASE_NOUN
கனவு,13500,3,NOUN,NOMINAL_SUFFIX_வு
கனவுகள்,2895,5,NOUN,BASE_NOUN_CONSONANT_ள்
கன்னடம்,1877,5,NOUN,BASE_NOUN_CONSONANT_ம்
கன்னி,2864,3,NOUN,BASE_NOUN
கப்பல்,7943,4,NOUN,BASE_NOUN_CONSONANT_ல்
கம்பம்,1415,4,NOUN,BASE_NOUN_CONSONANT_ம்
கம்பி,1589,3,NOUN,BASE_NOUN
கம்பு,1277,3,NOUN,NOMINAL_SUFFIX_பு
கயிறு,2058,3,NOUN,BASE_NOUN_VOWEL_று
கரடி,1468,3,NOUN,BASE_NOUN
கரம்,1799,3,NOUN,BASE_NOUN_CONSONANT_ம்
கருப்பு,7798,4,NOUN,NOMINAL_SUFFIX_பு
கரும்பு,3878,4,NOUN,NOMINAL_SUFFIX_பு
கருவி,5525,3,NOUN,BASE_NOUN
கருவிகள்,4784,5,NOUN,BASE_NOUN_CONSONANT_ள்
கறுப்பு,4669,4,NOUN,NOMINAL_SUFFIX_பு
கற்கள்,3016,4,NOUN,BASE_NOUN_CONSONANT_ள்
கற்றல்,2715,4,NOUN,BASE_NOUN_CONSONANT_ல்
கலப்பு,2050,4,NOUN,NOMINAL_SUFFIX_பு
கலவரம்,3047,5,NOUN,BASE_NOUN_CONSONANT_ம்
கலைகள்,1333,4,NOUN,BASE_NOUN_CONSONANT_ள்
கலைஞன்,1308,4,NOUN,BASE_NOUN_CONSONANT_ன்
கலைஞர்,9541,4,NOUN,KNOWN_BASE_NOUN
கல்யாணம்,10247,5,NOUN,BASE_NOUN_CONSONANT_ம்
கல்லீரல்,1712,5,NOUN,BASE_NOUN_CONSONANT_ல்
கல்லூரி,29885,4,NOUN,BASE_NOUN_VOWEL_ரி
கல்வி,78674,3,NOUN,BASE_NOUN
கல்வெட்டு,2775,5,NOUN,NOMINAL_SUFFIX_டு
களம்,16538,3,NOUN,BASE_NOUN_CONSONANT_ம்
களிமண்,1292,4,NOUN,BASE_NOUN_CONSONANT_ண்
கழகம்,9879,4,NOUN,BASE_NOUN_CONSONANT_ம்
கழிவு,3158,3,NOUN,NOMINAL_SUFFIX_வு
கழிவுகள்,2271,5,NOUN,BASE_NOUN_CONSONANT_ள்
கழுதை,1600,3,NOUN,BASE_NOUN
கவசம்,1160,4,NOUN,BASE_NOUN_CONSONANT_ம்
கவனம்,19362,4,NOUN,BASE_NOUN_CONSONANT_ம்
கவர்ச்சி,1973,5,NOUN,NOMINAL_SUFFIX_சி
கவிஞர்,8410,4,NOUN,KNOWN_BASE_NOUN
கவிதை,84576,3,NOUN,BASE_NOUN
கவிதைகள்,39482,5,NOUN,BASE_NOUN_CONSONANT_ள்
காகம்,1157,3,NOUN,BASE_NOUN_CONSONANT_ம்
காகிதம்,1394,4,NOUN,BASE_NOUN_CONSONANT_ம்
காசுகள்,1377,4,NOUN,BASE_NOUN_CONSONANT_ள்
காடுகள்,2673,4,NOUN,BASE_NOUN_CONSONANT_ள்
காட்சி,18580,3,NOUN,NOMINAL_SUFFIX_சி
காட்சிகள்,10629,5,NOUN,BASE_NOUN_CONSONANT_ள்
காட்டு,9023,3,NOUN,KNOWN_BASE_NOUN
காணிக்கை,1515,4,NOUN,NOMINAL_SUFFIX_கை
காணொளி,1371,3,NOUN,BASE_NOUN_VOWEL_ளி
காதலன்,2380,4,NOUN,BASE_NOUN_CONSONANT_ன்
காதலர்,1720,4,NOUN,BASE_NOUN_CONSONANT_ர்
காதலி,4672,3,NOUN,BASE_NOUN_VOWEL_லி
காதல்,214850,3,NOUN,NOMINAL_SUFFIX_தல்
காப்பீடு,3184,4,NOUN,NOMINAL_SUFFIX_டு
காப்பு,1952,3,NOUN,NOMINAL_SUFFIX_பு
காப்புரிமை,1637,5,NOUN,NOMINAL_SUFFIX_மை
காமம்,91766,3,NOUN,BASE_NOUN_CONSONANT_ம்
காயம்,30489,3,NOUN,BASE_NOUN_CONSONANT_ம்
காய்கறி,3326,4,NOUN,BASE_NOUN
காய்ச்சல்,7358,5,NOUN,BASE_NOUN_CONSONANT_ல்
காய்ச்சி,1171,4,NOUN,NOMINAL_SUFFIX_சி
காரணம்,59220,4,NOUN,BASE_NOUN_CONSONANT_ம்
காரணிகள்,1530,5,NOUN,BASE_NOUN_CONSONANT_ள்
காரம்,1289,3,NOUN,BASE_NOUN_CONSONANT_ம்
காரியம்,5415,4,NOUN,BASE_NOUN_CONSONANT_ம்
கார்த்திகை,2765,5,NOUN,NOMINAL_SUFFIX_கை
காற்று,11924,3,NOUN,KNOWN_BASE_NOUN
காலடி,1477,3,NOUN,BASE_NOUN
காலம்,45514,3,NOUN,BASE_NOUN_CONSONANT_ம்
காலாண்டு,1636,4,NOUN,NOMINAL_SUFFIX_டு
கால்கள்,3947,4,NOUN,BASE_NOUN_CONSONANT_ள்
காவலர்,2828,4,NOUN,BASE_NOUN_CONSONANT_ர்
காவல்,31324,3,NOUN,BASE_NOUN_CONSONANT_ல்
காவியம்,1397,4,NOUN,BASE_NOUN_CONSONANT_ம்
கிணறு,2458,3,NOUN,BASE_NOUN_VOWEL_று
கிணறுகள்,1256,5,NOUN,BASE_NOUN_CONSONANT_ள்
கிண்டல்,3093,4,NOUN,BASE_NOUN_CONSONANT_ல்
கிரகம்,1442,4,NOUN,BASE_NOUN_CONSONANT_ம்
கிராமம்,8792,4,NOUN,BASE_NOUN_CONSONANT_ம்
கிருமிகள்,1289,5,NOUN,BASE_NOUN_CONSONANT_ள்
கிளர்ச்சி,1167,5,NOUN,NOMINAL_SUFFIX_சி
கிளைகள்,1708,4,NOUN,BASE_NOUN_CONSONANT_ள்
கிழங்கு,1287,4,NOUN,BASE_NOUN_VOWEL_கு
கிழமை,5660,3,NOUN,NOMINAL_SUFFIX_மை
கிழவி,1693,3,NOUN,BASE_NOUN
குடல்,1688,3,NOUN,BASE_NOUN_CONSONANT_ல்
குடிசை,1834,3,NOUN,BASE_NOUN
குடிநீர்,12683,4,NOUN,BASE_NOUN_CONSONANT_ர்
குடியரசு,6510,5,NOUN,BASE_NOUN_VOWEL_சு
குடியுரிமை,1748,5,NOUN,NOMINAL_SUFFIX_மை
குடும்பம்,142093,5,NOUN,BASE_NOUN_CONSONANT_ம்
குட்டி,17194,3,NOUN,BASE_NOUN
குணம்,5144,3,NOUN,BASE_NOUN_CONSONANT_ம்
குண்டு,7964,3,NOUN,NOMINAL_SUFFIX_டு
குண்டுகள்,1860,5,NOUN,BASE_NOUN_CONSONANT_ள்
குதிரை,9083,3,NOUN,KNOWN_BASE_NOUN
குதிரைகள்,2245,5,NOUN,BASE_NOUN_CONSONANT_ள்
குப்பை,4185,3,NOUN,BASE_NOUN
குப்பைகள்,1269,5,NOUN,BASE_NOUN_CONSONANT_ள்
குமரி,3260,3,NOUN,BASE_NOUN_VOWEL_ரி
கும்பல்,5086,4,NOUN,BASE_NOUN_CONSONANT_ல்
குரங்கு,1783,4,NOUN,BASE_NOUN_VOWEL_கு
குரல்,21679,3,NOUN,BASE_NOUN_CONSONANT_ல்
குரல்கள்,1789,5,NOUN,BASE_NOUN_CONSONANT_ள்
குருக்கள்,1672,5,NOUN,BASE_NOUN_CONSONANT_ள்
குருதி,1964,3,NOUN,NOMINAL_SUFFIX_தி
குருவி,1976,3,NOUN,BASE_NOUN
குறள்,1428,3,NOUN,BASE_NOUN_CONSONANT_ள்
குறிக்கோள்,1504,5,NOUN,BASE_NOUN_CONSONANT_ள்
குறிப்பு,18015,4,NOUN,NOMINAL_SUFFIX_பு
குறியீடு,2708,4,NOUN,NOMINAL_SUFFIX_டு
குறுநாவல்,11530,5,NOUN,BASE_NOUN_CONSONANT_ல்
குறைகள்,1465,4,NOUN,BASE_NOUN_CONSONANT_ள்
குறைபாடு,3629,4,NOUN,NOMINAL_SUFFIX_டு
குறைப்பு,2090,4,NOUN,NOMINAL_SUFFIX_பு
குறைவு,8087,3,NOUN,NOMINAL_SUFFIX_வு
குற்றம்,19059,4,NOUN,BASE_NOUN_CONSONANT_ம்
குற்றவாளி,3506,5,NOUN,BASE_NOUN_VOWEL_ளி
குளங்கள்,1422,5,NOUN,BASE_NOUN_CONSONANT_ள்
குளம்,5400,3,NOUN,BASE_NOUN_CONSONANT_ம்
குளியல்,1580,4,NOUN,BASE_NOUN_CONSONANT_ல்
குளிர்,3966,3,NOUN,BASE_NOUN_CONSONANT_ர்
குளோரைடு,1344,4,NOUN,NOMINAL_SUFFIX_டு
குழந்தை,44250,4,NOUN,BASE_NOUN
குழப்பம்,5161,5,NOUN,BASE_NOUN_CONSONANT_ம்
குழம்பு,1698,4,NOUN,NOMINAL_SUFFIX_பு
குழல்,1398,3,NOUN,BASE_NOUN_CONSONANT_ல்
குழாய்,3477,3,NOUN,BASE_NOUN_CONSONANT_ய்
குழாய்கள்,1536,5,NOUN,BASE_NOUN_CONSONANT_ள்
குழுக்கள்,15652,5,NOUN,BASE_NOUN_CONSONANT_ள்
குழுமம்,2720,4,NOUN,KNOWN_BASE_NOUN
குவிப்பு,2320,4,NOUN,NOMINAL_SUFFIX_பு
கூச்சல்,1286,4,NOUN,BASE_NOUN_CONSONANT_ல்
கூடம்,1698,3,NOUN,BASE_NOUN_CONSONANT_ம்
கூடுதல்,23497,4,NOUN,NOMINAL_SUFFIX_தல்
கூட்டணி,21549,4,NOUN,BASE_NOUN
கூட்டம்,30294,4,NOUN,BASE_NOUN_CONSONANT_ம்
கூட்டு,8994,3,NOUN,KNOWN_BASE_NOUN
கூட்டுறவு,5667,5,NOUN,NOMINAL_SUFFIX_வு
கூந்தல்,1348,4,NOUN,NOMINAL_SUFFIX_தல்
கூறுகள்,30034,4,NOUN,BASE_NOUN_CONSONANT_ள்
கூற்று,1663,3,NOUN,BASE_NOUN_VOWEL_று
கேட்டால்,6991,4,NOUN,BASE_NOUN_CONSONANT_ல்
கேள்வி,31038,3,NOUN,BASE_NOUN
கேள்விகள்,8186,5,NOUN,BASE_NOUN_CONSONANT_ள்
கைகள்,3953,3,NOUN,BASE_NOUN_CONSONANT_ள்
கைதிகள்,3135,4,NOUN,BASE_NOUN_CONSONANT_ள்
கைத்தறி,1219,4,NOUN,BASE_NOUN
கொடுமை,3877,3,NOUN,NOMINAL_SUFFIX_மை
கொண்டுபோய்,1277,5,NOUN,BASE_NOUN_CONSONANT_ய்
கொன்று,4575,3,NOUN,BASE_NOUN_VOWEL_று
கொலைகள்,1584,4,NOUN,BASE_NOUN_CONSONANT_ள்
கொள்கை,11575,3,NOUN,NOMINAL_SUFFIX_கை
கொள்கைகள்,2810,5,NOUN,BASE_NOUN_CONSONANT_ள்
கொள்முதல்,4852,5,NOUN,NOMINAL_SUFFIX_தல்
கொழுப்பு,3544,4,NOUN,NOMINAL_SUFFIX_பு
கோடுகள்,1319,4,NOUN,BASE_NOUN_CONSONANT_ள்
கோட்டம்,1258,4,NOUN,BASE_NOUN_CONSONANT_ம்
கோட்பாடு,3482,4,NOUN,NOMINAL_SUFFIX_டு
கோணம்,1301,3,NOUN,BASE_NOUN_CONSONANT_ம்
கோதுமை,2461,3,NOUN,NOMINAL_SUFFIX_மை
கோன்மை,20401,3,NOUN,NOMINAL_SUFFIX_மை
கோபம்,9633,3,NOUN,BASE_NOUN_CONSONANT_ம்
கோபுரம்,3307,4,NOUN,BASE_NOUN_CONSONANT_ம்
கோப்பு,1218,3,NOUN,NOMINAL_SUFFIX_பு
கோப்பை,7916,3,NOUN,BASE_NOUN
கோயில்கள்,2983,5,NOUN,BASE_NOUN_CONSONANT_ள்
கோலம்,2195,3,NOUN,BASE_NOUN_CONSONANT_ம்
கோளாறு,2956,3,NOUN,BASE_NOUN_VOWEL_று
கோவில்கள்,1426,5,NOUN,BASE_NOUN_CONSONANT_ள்
க்கள்,5279,3,NOUN,BASE_NOUN_CONSONANT_ள்
சகோதரர்,4356,5,NOUN,BASE_NOUN_CONSONANT_ர்
சகோதரி,3072,4,NOUN,BASE_NOUN_VOWEL_ரி
சக்கரம்,2212,5,NOUN,BASE_NOUN_CONSONANT_ம்
சக்தி,17431,3,NOUN,NOMINAL_SUFFIX_தி
சக்திகள்,2304,5,NOUN,BASE_NOUN_CONSONANT_ள்
சங்கம்,12460,4,NOUN,BASE_NOUN_CONSONANT_ம்
சங்கு,1424,3,NOUN,BASE_NOUN_VOWEL_கு
சடங்கு,1682,4,NOUN,BASE_NOUN_VOWEL_கு
சடலம்,1711,4,NOUN,BASE_NOUN_CONSONANT_ம்
சட்டம்,38992,4,NOUN,KNOWN_BASE_NOUN
சட்டை,3715,3,NOUN,BASE_NOUN
சண்டை,10544,3,NOUN,BASE_NOUN
சதம்,4353,3,NOUN,BASE_NOUN_CONSONANT_ம்
சதவீதம்,22769,5,NOUN,BASE_NOUN_CONSONANT_ம்
சதுப்பு,1234,4,NOUN,NOMINAL_SUFFIX_பு
சத்தம்,9455,4,NOUN,BASE_NOUN_CONSONANT_ம்
சத்தியம்,2895,5,NOUN,BASE_NOUN_CONSONANT_ம்
சத்து,2953,3,NOUN,KNOWN_BASE_NOUN
சத்துணவு,1424,5,NOUN,NOMINAL_SUFFIX_வு
சந்திப்பு,8927,5,NOUN,NOMINAL_SUFFIX_பு
சந்தேகம்,9913,5,NOUN,BASE_NOUN_CONSONANT_ம்
சந்தை,10231,3,NOUN,BASE_NOUN
சன்னதி,3373,4,NOUN,NOMINAL_SUFFIX_தி
சபதம்,1574,4,NOUN,BASE_NOUN_CONSONANT_ம்
சப்தம்,1909,4,NOUN,BASE_NOUN_CONSONANT_ம்
சமன்,1433,3,NOUN,BASE_NOUN_CONSONANT_ன்
சமம்,1945,3,NOUN,BASE_NOUN_CONSONANT_ம்
சமயம்,15267,4,NOUN,BASE_NOUN_CONSONANT_ம்
சமரசம்,1626,5,NOUN,BASE_NOUN_CONSONANT_ம்
சமாதானம்,3056,5,NOUN,BASE_NOUN_CONSONANT_ம்
சமாதி,1776,3,NOUN,NOMINAL_SUFFIX_தி
சமுதாயம்,2521,5,NOUN,BASE_NOUN_CONSONANT_ம்
சமூகம்,20843,4,NOUN,BASE_NOUN_CONSONANT_ம்
சமையல்,9223,4,NOUN,BASE_NOUN_CONSONANT_ல்
சம்பளம்,9166,5,NOUN,BASE_NOUN_CONSONANT_ம்
சம்பவம்,21571,5,NOUN,BASE_NOUN_CONSONANT_ம்
சம்மதம்,2225,5,NOUN,BASE_NOUN_CONSONANT_ம்
சராசரி,8495,4,NOUN,BASE_NOUN_VOWEL_ரி
சரிவு,2299,3,NOUN,NOMINAL_SUFFIX_வு
சலுகை,3807,3,NOUN,NOMINAL_SUFFIX_கை
சலுகைகள்,2826,5,NOUN,BASE_NOUN_CONSONANT_ள்
சவாரி,2328,3,NOUN,BASE_NOUN_VOWEL_ரி
சவால்கள்,1264,5,NOUN,BASE_NOUN_CONSONANT_ள்
சாட்சி,2682,3,NOUN,NOMINAL_SUFFIX_சி
சாதனைகள்,1876,5,NOUN,BASE_NOUN_CONSONANT_ள்
சாதம்,1899,3,NOUN,BASE_NOUN_CONSONANT_ம்
சாத்தியம்,3983,5,NOUN,BASE_NOUN_CONSONANT_ம்
சான்றிதழ்,8226,5,NOUN,BASE_NOUN_CONSONANT_ழ்
சான்று,4723,3,NOUN,BASE_NOUN_VOWEL_று
சான்றுகள்,2136,5,NOUN,BASE_NOUN_CONSONANT_ள்
சாபம்,1546,3,NOUN,BASE_NOUN_CONSONANT_ம்
சாப்பாடு,3679,4,NOUN,NOMINAL_SUFFIX_டு
சாம்பல்,2514,4,NOUN,BASE_NOUN_CONSONANT_ல்
சாம்பியன்,4495,5,NOUN,BASE_NOUN_CONSONANT_ன்
சாரம்,1249,3,NOUN,BASE_NOUN_CONSONANT_ம்
சார்பு,3056,3,NOUN,NOMINAL_SUFFIX_பு
சாலைகள்,3841,4,NOUN,BASE_NOUN_CONSONANT_ள்
சாளரம்,24552,4,NOUN,BASE_NOUN_CONSONANT_ம்
சாவல்,11129,3,NOUN,BASE_NOUN_CONSONANT_ல்
சிகிச்சை,34093,4,NOUN,BASE_NOUN
சிக்கல்,6891,4,NOUN,BASE_NOUN_CONSONANT_ல்
சிங்கம்,2742,4,NOUN,KNOWN_BASE_NOUN
சித்திரம்,1542,5,NOUN,BASE_NOUN_CONSONANT_ம்
சின்னம்,4194,4,NOUN,BASE_NOUN_CONSONANT_ம்
சிரமம்,3443,4,NOUN,BASE_NOUN_CONSONANT_ம்
சிரிப்பு,3720,4,NOUN,NOMINAL_SUFFIX_பு
சிறகுகள்,1428,5,NOUN,BASE_NOUN_CONSONANT_ள்
சிறப்பு,149744,4,NOUN,NOMINAL_SUFFIX_பு
சிறுகதை,452426,4,NOUN,BASE_NOUN
சிறுநீர்,2027,4,NOUN,BASE_NOUN_CONSONANT_ர்
சிறுமிகள்,1195,5,NOUN,BASE_NOUN_CONSONANT_ள்
சிறுவன்,5808,4,NOUN,BASE_NOUN_CONSONANT_ன்
சிறுவர்,17492,4,NOUN,BASE_NOUN_CONSONANT_ர்
சிற்பம்,1529,4,NOUN,BASE_NOUN_CONSONANT_ம்
சிற்றிதழ்,12216,5,NOUN,BASE_NOUN_CONSONANT_ழ்
சிலந்தி,1159,4,NOUN,NOMINAL_SUFFIX_தி
சிலர்,33330,3,NOUN,BASE_NOUN_CONSONANT_ர்
சிலைகள்,3980,4,NOUN,BASE_NOUN_CONSONANT_ள்
சிவப்பு,8746,4,NOUN,NOMINAL_SUFFIX_பு
சீட்டு,1600,3,NOUN,NOMINAL_SUFFIX_டு
சுகம்,2559,3,NOUN,BASE_NOUN_CONSONANT_ம்
சுகாதாரம்,2651,5,NOUN,BASE_NOUN_CONSONANT_ம்
சுடர்கள்,24598,5,NOUN,BASE_NOUN_CONSONANT_ள்
சுட்டி,47712,3,NOUN,BASE_NOUN
சுத்தம்,6124,4,NOUN,BASE_NOUN_CONSONANT_ம்
சுயசரிதை,23624,5,NOUN,BASE_NOUN
சுருக்கம்,1337,5,NOUN,BASE_NOUN_CONSONANT_ம்
சுருள்,1214,3,NOUN,BASE_NOUN_CONSONANT_ள்
சுற்று,5398,3,NOUN,BASE_NOUN_VOWEL_று
சுற்றுலா,9869,4,NOUN,BASE_NOUN
சுழன்று,1287,4,NOUN,BASE_NOUN_VOWEL_று
சுழற்சி,3445,4,NOUN,NOMINAL_SUFFIX_சி
சுழல்,1640,3,NOUN,BASE_NOUN_CONSONANT_ல்
சுவர்கள்,1342,5,NOUN,BASE_NOUN_CONSONANT_ள்
சூனியம்,1227,4,NOUN,BASE_NOUN_CONSONANT_ம்
சூரியன்,7808,4,NOUN,KNOWN_BASE_NOUN
சூழலியல்,24037,5,NOUN,BASE_NOUN_CONSONANT_ல்
சூழல்,13832,3,NOUN,BASE_NOUN_CONSONANT_ல்
சூழ்நிலை,6505,4,NOUN,BASE_NOUN
செடிகள்,1837,4,NOUN,BASE_NOUN_CONSONANT_ள்
செந்தமிழ்,25055,5,NOUN,BASE_NOUN_CONSONANT_ழ்
செம்மொழி,1230,4,NOUN,BASE_NOUN_VOWEL_ழி
செயற்குழு,3811,5,NOUN,BASE_NOUN
செயற்கை,5462,4,NOUN,NOMINAL_SUFFIX_கை
செயலகம்,1390,5,NOUN,BASE_NOUN_CONSONANT_ம்
செயலர்,9614,4,NOUN,BASE_NOUN_CONSONANT_ர்
செயலாளர்,36959,5,NOUN,BASE_NOUN_CONSONANT_ர்
செயலி,2712,3,NOUN,BASE_NOUN_VOWEL_லி
செயல்,22538,3,NOUN,BASE_NOUN_CONSONANT_ல்
செயல்கள்,3461,5,NOUN,BASE_NOUN_CONSONANT_ள்
செயல்பாடு,4046,5,NOUN,NOMINAL_SUFFIX_டு
செய்தல்,29109,4,NOUN,NOMINAL_SUFFIX_தல்
செய்தவர்,2611,5,NOUN,BASE_NOUN_CONSONANT_ர்
செய்தி,41654,3,NOUN,NOMINAL_SUFFIX_தி
செய்திகள்,28687,5,NOUN,BASE_NOUN_CONSONANT_ள்
செய்யுள்,1329,4,NOUN,BASE_NOUN_CONSONANT_ள்
செய்வதன்,2088,5,NOUN,BASE_NOUN_CONSONANT_ன்
செருப்பு,1928,4,NOUN,NOMINAL_SUFFIX_பு
செலவு,14875,3,NOUN,NOMINAL_SUFFIX_வு
செலவுகள்,3529,5,NOUN,BASE_NOUN_CONSONANT_ள்
செலாவணி,1614,4,NOUN,BASE_NOUN
செல்கள்,1703,4,NOUN,BASE_NOUN_CONSONANT_ள்
செல்வன்,37569,4,NOUN,BASE_NOUN_CONSONANT_ன்
சேதம்,3166,3,NOUN,BASE_NOUN_CONSONANT_ம்
சேமிப்பு,3611,4,NOUN,NOMINAL_SUFFIX_பு
சேர்க்கை,4943,4,NOUN,NOMINAL_SUFFIX_கை
சேர்ப்பது,1166,5,NOUN,BASE_NOUN_VOWEL_து
சேவல்,1172,3,NOUN,BASE_NOUN_CONSONANT_ல்
சேவைகள்,4629,4,NOUN,BASE_NOUN_CONSONANT_ள்
சொகுசு,2106,3,NOUN,BASE_NOUN_VOWEL_சு
சொட்டு,1880,3,NOUN,NOMINAL_SUFFIX_டு
சொத்து,8753,3,NOUN,KNOWN_BASE_NOUN
சொத்துகள்,1673,5,NOUN,BASE_NOUN_CONSONANT_ள்
சொந்தம்,2287,4,NOUN,BASE_NOUN_CONSONANT_ம்
சொர்க்கம்,1229,5,NOUN,BASE_NOUN_CONSONANT_ம்
சொற்கள்,16300,4,NOUN,BASE_NOUN_CONSONANT_ள்
சோகம்,2603,3,NOUN,BASE_NOUN_CONSONANT_ம்
சோதனைகள்,1835,5,NOUN,BASE_NOUN_CONSONANT_ள்
சோர்வு,1418,3,NOUN,NOMINAL_SUFFIX_வு
ஞாபகம்,5601,4,NOUN,BASE_NOUN_CONSONANT_ம்
டச்சு,1156,3,NOUN,BASE_NOUN_VOWEL_சு
தகனம்,1164,4,NOUN,BASE_NOUN_CONSONANT_ம்
தகராறு,2190,4,NOUN,BASE_NOUN_VOWEL_று
தகவல்,83009,4,NOUN,BASE_NOUN_CONSONANT_ல்
தகுதி,13969,3,NOUN,NOMINAL_SUFFIX_தி
தக்கது,1844,4,NOUN,BASE_NOUN_VOWEL_து
தங்கம்,9367,4,NOUN,BASE_NOUN_CONSONANT_ம்
தஞ்சம்,1488,4,NOUN,BASE_NOUN_CONSONANT_ம்
தடம்,2762,3,NOUN,BASE_NOUN_CONSONANT_ம்
தடவைகள்,1199,5,NOUN,BASE_NOUN_CONSONANT_ள்
தடுப்பது,1239,5,NOUN,BASE_NOUN_VOWEL_து
தடுப்பு,8024,4,NOUN,NOMINAL_SUFFIX_பு
தடுப்பூசி,1836,5,NOUN,NOMINAL_SUFFIX_சி
தடைகள்,2199,4,NOUN,BASE_NOUN_CONSONANT_ள்
தட்டச்சு,1768,5,NOUN,BASE_NOUN_VOWEL_சு
தட்டி,3312,3,NOUN,BASE_NOUN
தட்டு,1560,3,NOUN,NOMINAL_SUFFIX_டு
தணிக்கை,3180,4,NOUN,NOMINAL_SUFFIX_கை
தண்டு,1247,3,NOUN,NOMINAL_SUFFIX_டு
தண்ணீர்,28657,4,NOUN,BASE_NOUN_CONSONANT_ர்
தத்துவம்,49239,5,NOUN,BASE_NOUN_CONSONANT_ம்
தந்தி,1169,3,NOUN,NOMINAL_SUFFIX_தி
தந்தை,24109,3,NOUN,BASE_NOUN
தனிமை,1942,3,NOUN,NOMINAL_SUFFIX_மை
தன்னாட்சி,1645,5,NOUN,NOMINAL_SUFFIX_சி
தன்மை,12851,3,NOUN,NOMINAL_SUFFIX_மை
தபால்,4469,3,NOUN,BASE_NOUN_CONSONANT_ல்
தப்பு,3412,3,NOUN,NOMINAL_SUFFIX_பு
தமிழன்,27482,4,NOUN,BASE_NOUN_CONSONANT_ன்
தமிழர்,15499,4,NOUN,BASE_NOUN_CONSONANT_ர்
தமிழ்,304699,3,NOUN,BASE_NOUN_CONSONANT_ழ்
தம்பதி,1210,4,NOUN,NOMINAL_SUFFIX_தி
தயக்கம்,2454,5,NOUN,BASE_NOUN_CONSONANT_ம்
தயாரிப்பு,8875,5,NOUN,NOMINAL_SUFFIX_பு
தயிர்,2169,3,NOUN,BASE_NOUN_CONSONANT_ர்
தரம்,9454,3,NOUN,BASE_NOUN_CONSONANT_ம்
தரவு,2514,3,NOUN,NOMINAL_SUFFIX_வு
தரவுகள்,1369,5,NOUN,BASE_NOUN_CONSONANT_ள்
தரிசனம்,7301,5,NOUN,BASE_NOUN_CONSONANT_ம்
தருணம்,3780,4,NOUN,BASE_NOUN_CONSONANT_ம்
தர்மம்,2371,4,NOUN,BASE_NOUN_CONSONANT_ம்
தலம்,1949,3,NOUN,BASE_NOUN_CONSONANT_ம்
தலைநகர்,7648,5,NOUN,BASE_NOUN_CONSONANT_ர்
தலைப்பு,3886,4,NOUN,NOMINAL_SUFFIX_பு
தலைமை,43772,3,NOUN,NOMINAL_SUFFIX_மை
தலையீடு,1254,4,NOUN,NOMINAL_SUFFIX_டு
தலைவன்,4160,4,NOUN,BASE_NOUN_CONSONANT_ன்
தலைவர்,109690,4,NOUN,KNOWN_BASE_NOUN
தலைவலி,2024,4,NOUN,BASE_NOUN_VOWEL_லி
தலைவி,2576,3,NOUN,BASE_NOUN
தளங்கள்,2075,5,NOUN,BASE_NOUN_CONSONANT_ள்
தளம்,8605,3,NOUN,BASE_NOUN_CONSONANT_ம்
தழுவல்,11383,4,NOUN,BASE_NOUN_CONSONANT_ல்
தவம்,3296,3,NOUN,KNOWN_BASE_NOUN
தவறுகள்,2405,5,NOUN,BASE_NOUN_CONSONANT_ள்
தவிப்பு,1510,4,NOUN,NOMINAL_SUFFIX_பு
தாகம்,2223,3,NOUN,BASE_NOUN_CONSONANT_ம்
தாக்கம்,5853,4,NOUN,BASE_NOUN_CONSONANT_ம்
தாக்கல்,33918,4,NOUN,BASE_NOUN_CONSONANT_ல்
தாக்குதல்,20081,5,NOUN,NOMINAL_SUFFIX_தல்
தானம்,4730,3,NOUN,BASE_NOUN_CONSONANT_ம்
தாமதம்,4155,4,NOUN,BASE_NOUN_CONSONANT_ம்
தாமரை,3480,3,NOUN,BASE_NOUN
தாயகம்,1600,4,NOUN,BASE_NOUN_CONSONANT_ம்
தாய்ப்பால்,1671,5,NOUN,BASE_NOUN_CONSONANT_ல்
தாழ்வு,2808,3,NOUN,NOMINAL_SUFFIX_வு
தாவரம்,1333,4,NOUN,BASE_NOUN_CONSONANT_ம்
திகதி,14804,3,NOUN,NOMINAL_SUFFIX_தி
திங்கள்,2881,4,NOUN,BASE_NOUN_CONSONANT_ள்
திசைகள்,1935,4,NOUN,BASE_NOUN_CONSONANT_ள்
திட்டம்,29929,4,NOUN,BASE_NOUN_CONSONANT_ம்
தியாகம்,2837,4,NOUN,BASE_NOUN_CONSONANT_ம்
தியாகி,1429,3,NOUN,BASE_NOUN
தியானம்,2579,4,NOUN,BASE_NOUN_CONSONANT_ம்
திருட்டு,4305,4,NOUN,NOMINAL_SUFFIX_டு
திருத்தம்,4327,5,NOUN,BASE_NOUN_CONSONANT_ம்
திருநாள்,1600,4,NOUN,BASE_NOUN_CONSONANT_ள்
திருப்தி,4588,4,NOUN,NOMINAL_SUFFIX_தி
திருப்பம்,35014,5,NOUN,BASE_NOUN_CONSONANT_ம்
திருமணம்,31548,5,NOUN,BASE_NOUN_CONSONANT_ம்
திருமதி,3569,4,NOUN,NOMINAL_SUFFIX_தி
திருவிழா,10211,4,NOUN,BASE_NOUN
திரைக்கதை,15648,5,NOUN,BASE_NOUN
திறன்,14905,3,NOUN,BASE_NOUN_CONSONANT_ன்
திறப்பு,3268,4,NOUN,NOMINAL_SUFFIX_பு
திறமை,5918,3,NOUN,NOMINAL_SUFFIX_மை
தீங்கு,1252,3,NOUN,BASE_NOUN_VOWEL_கு
தீபம்,1742,3,NOUN,BASE_NOUN_CONSONANT_ம்
தீயணைப்பு,2659,5,NOUN,NOMINAL_SUFFIX_பு
தீர்ப்பு,11060,4,NOUN,NOMINAL_SUFFIX_பு
தீர்மானம்,6933,5,NOUN,BASE_NOUN_CONSONANT_ம்
தீர்வு,12661,3,NOUN,NOMINAL_SUFFIX_வு
தீவிரம்,2028,4,NOUN,BASE_NOUN_CONSONANT_ம்
தீவிரவாதி,1765,5,NOUN,NOMINAL_SUFFIX_தி
தீவுகள்,2975,4,NOUN,BASE_NOUN_CONSONANT_ள்
துக்கம்,2118,4,NOUN,BASE_NOUN_CONSONANT_ம்
துணிச்சல்,1232,5,NOUN,BASE_NOUN_CONSONANT_ல்
துண்டு,3525,3,NOUN,KNOWN_BASE_NOUN
துன்பம்,2572,4,NOUN,BASE_NOUN_CONSONANT_ம்
துப்பாக்கி,7000,5,NOUN,BASE_NOUN
துப்புரவு,1496,5,NOUN,NOMINAL_SUFFIX_வு
துயரம்,2004,4,NOUN,BASE_NOUN_CONSONANT_ம்
துயர்,1153,3,NOUN,BASE_NOUN_CONSONANT_ர்
துரோகம்,3208,4,NOUN,BASE_NOUN_CONSONANT_ம்
துறவி,1653,3,NOUN,BASE_NOUN
துறைகள்,2495,4,NOUN,BASE_NOUN_CONSONANT_ள்
துறைமுகம்,2759,5,NOUN,BASE_NOUN_CONSONANT_ம்
தூக்கம்,4731,4,NOUN,BASE_NOUN_CONSONANT_ம்
தூண்கள்,1414,4,NOUN,BASE_NOUN_CONSONANT_ள்
தூதர்,3002,3,NOUN,BASE_NOUN_CONSONANT_ர்
தூய்மை,2764,3,NOUN,NOMINAL_SUFFIX_மை
தூரம்,9510,3,NOUN,BASE_NOUN_CONSONANT_ம்
தென்றல்,29803,4,NOUN,BASE_NOUN_CONSONANT_ல்
தெய்வம்,4891,4,NOUN,BASE_NOUN_CONSONANT_ம்
தெரிவு,5138,3,NOUN,NOMINAL_SUFFIX_வு
தெளிவு,3714,3,NOUN,NOMINAL_SUFFIX_வு
தேசம்,5542,3,NOUN,BASE_NOUN_CONSONANT_ம்
தேசியம்,1327,4,NOUN,BASE_NOUN_CONSONANT_ம்
தேடல்,5041,3,NOUN,BASE_NOUN_CONSONANT_ல்
தேடுதல்,2513,4,NOUN,NOMINAL_SUFFIX_தல்
தேதிகள்,2166,4,NOUN,BASE_NOUN_CONSONANT_ள்
தேர்ச்சி,8283,4,NOUN,NOMINAL_SUFFIX_சி
தேர்தல்,72745,4,NOUN,NOMINAL_SUFFIX_தல்
தேர்வு,88405,3,NOUN,NOMINAL_SUFFIX_வு
தேர்வுகள்,3496,5,NOUN,BASE_NOUN_CONSONANT_ள்
தேவதை,3346,3,NOUN,BASE_NOUN
தேவர்,3530,3,NOUN,KNOWN_BASE_NOUN
தேவர்கள்,1544,5,NOUN,BASE_NOUN_CONSONANT_ள்
தேவாலயம்,1245,5,NOUN,BASE_NOUN_CONSONANT_ம்
தேவைகள்,2628,4,NOUN,BASE_NOUN_CONSONANT_ள்
தையல்,1716,3,NOUN,BASE_NOUN_CONSONANT_ல்
தைரியம்,2900,4,NOUN,BASE_NOUN_CONSONANT_ம்
தொகுதி,19688,3,NOUN,NOMINAL_SUFFIX_தி
தொகுதிகள்,3115,5,NOUN,BASE_NOUN_CONSONANT_ள்
தொகுப்பு,9848,4,NOUN,NOMINAL_SUFFIX_பு
தொடக்கம்,5053,5,NOUN,BASE_NOUN_CONSONANT_ம்
தொடர்,23097,3,NOUN,BASE_NOUN_CONSONANT_ர்
தொடர்கள்,34746,5,NOUN,BASE_NOUN_CONSONANT_ள்
தொடர்ச்சி,3388,5,NOUN,NOMINAL_SUFFIX_சி
தொடர்பு,25467,4,NOUN,NOMINAL_SUFFIX_பு
தொட்டி,1400,3,NOUN,BASE_NOUN
தொண்டு,4345,3,NOUN,NOMINAL_SUFFIX_டு
தொந்தரவு,2820,5,NOUN,NOMINAL_SUFFIX_வு
தொன்மம்,11255,4,NOUN,BASE_NOUN_CONSONANT_ம்
தொற்று,2691,3,NOUN,BASE_NOUN_VOWEL_று
தொலைபேசி,7605,4,NOUN,NOMINAL_SUFFIX_சி
தொலைவு,1777,3,NOUN,NOMINAL_SUFFIX_வு
தொல்லியல்,14500,5,NOUN,BASE_NOUN_CONSONANT_ல்
தொழிலாளர்,7960,5,NOUN,BASE_NOUN_CONSONANT_ர்
தொழிலாளி,2595,4,NOUN,BASE_NOUN_VOWEL_ளி
தொழில்கள்,12817,5,NOUN,BASE_NOUN_CONSONANT_ள்
தொழுகை,1368,3,NOUN,NOMINAL_SUFFIX_கை
தோட்டம்,3395,4,NOUN,BASE_NOUN_CONSONANT_ம்
தோற்றம்,6002,4,NOUN,BASE_NOUN_CONSONANT_ம்
தோல்வி,9403,3,NOUN,BASE_NOUN
தோழர்,5713,3,NOUN,BASE_NOUN_CONSONANT_ர்
தோழர்கள்,2005,5,NOUN,BASE_NOUN_CONSONANT_ள்
நகரம்,12290,4,NOUN,BASE_NOUN_CONSONANT_ம்
நகராட்சி,8075,5,NOUN,NOMINAL_SUFFIX_சி
நகர்,20717,3,NOUN,BASE_NOUN_CONSONANT_ர்
நகல்,2154,3,NOUN,BASE_NOUN_CONSONANT_ல்
நகைகள்,2606,4,NOUN,BASE_NOUN_CONSONANT_ள்
நடனம்,4421,4,NOUN,BASE_NOUN_CONSONANT_ம்
நடப்பு,6153,4,NOUN,NOMINAL_SUFFIX_பு
நடவு,1516,3,NOUN,NOMINAL_SUFFIX_வு
நடிகர்,31267,4,NOUN,KNOWN_BASE_NOUN
நடிகை,15746,3,NOUN,NOMINAL_SUFFIX_கை
நடிகைகள்,2877,5,NOUN,BASE_NOUN_CONSONANT_ள்
நடிப்பு,3909,4,NOUN,NOMINAL_SUFFIX_பு
நடுக்கம்,1299,5,NOUN,BASE_NOUN_CONSONANT_ம்
நடுவர்,4382,4,NOUN,BASE_NOUN_CONSONANT_ர்
நட்டு,1311,3,NOUN,NOMINAL_SUFFIX_டு
நட்பு,8078,3,NOUN,NOMINAL_SUFFIX_பு
நண்டு,1279,3,NOUN,NOMINAL_SUFFIX_டு
நண்பர்,12475,4,NOUN,KNOWN_BASE_NOUN
நதிகள்,1716,4,NOUN,BASE_NOUN_CONSONANT_ள்
நதிநீர்,1322,4,NOUN,BASE_NOUN_CONSONANT_ர்
நன்மை,6858,3,NOUN,NOMINAL_SUFFIX_மை
நன்மைகள்,2352,5,NOUN,BASE_NOUN_CONSONANT_ள்
நன்றிகள்,2330,5,NOUN,BASE_NOUN_CONSONANT_ள்
நபர்,11991,3,NOUN,BASE_NOUN_CONSONANT_ர்
நபர்கள்,7982,5,NOUN,BASE_NOUN_CONSONANT_ள்
நபிகள்,1985,4,NOUN,BASE_NOUN_CONSONANT_ள்
நம்பிக்கை,28025,5,NOUN,KNOWN_BASE_NOUN
நரம்பு,2641,4,NOUN,NOMINAL_SUFFIX_பு
நற்செய்தி,1618,5,NOUN,NOMINAL_SUFFIX_தி
நலம்,9348,3,NOUN,BASE_NOUN_CONSONANT_ம்
நலவியல்,11104,5,NOUN,BASE_NOUN_CONSONANT_ல்
நல்லாட்சி,1537,5,NOUN,NOMINAL_SUFFIX_சி
நள்ளிரவு,3445,5,NOUN,NOMINAL_SUFFIX_வு
நாகரிகம்,13328,5,NOUN,BASE_NOUN_CONSONANT_ம்
நாடகம்,18905,4,NOUN,BASE_NOUN_CONSONANT_ம்
நாடன்,12638,3,NOUN,BASE_NOUN_CONSONANT_ன்
நாடுகள்,20440,4,NOUN,BASE_NOUN_CONSONANT_ள்
நாட்கள்,27485,4,NOUN,BASE_NOUN_CONSONANT_ள்
நாட்டம்,1667,4,NOUN,BASE_NOUN_CONSONANT_ம்
நாட்டியம்,11835,5,NOUN,BASE_NOUN_CONSONANT_ம்
நாணயம்,2189,4,NOUN,BASE_NOUN_CONSONANT_ம்
நாயகன்,5874,4,NOUN,BASE_NOUN_CONSONANT_ன்
நாயகம்,2776,4,NOUN,BASE_NOUN_CONSONANT_ம்
நாய்கள்,3021,4,NOUN,BASE_NOUN_CONSONANT_ள்
நாளிதழ்,2686,4,NOUN,BASE_NOUN_CONSONANT_ழ்
நாள்கள்,2379,4,NOUN,BASE_NOUN_CONSONANT_ள்
நாவல்,31452,3,NOUN,BASE_NOUN_CONSONANT_ல்
நாவல்கள்,2319,5,NOUN,BASE_NOUN_CONSONANT_ள்
நிகழ்ச்சி,16835,5,NOUN,NOMINAL_SUFFIX_சி
நிகழ்வு,18879,4,NOUN,NOMINAL_SUFFIX_வு
நிச்சயம்,16071,5,NOUN,BASE_NOUN_CONSONANT_ம்
நிதியுதவி,2928,5,NOUN,BASE_NOUN
நினைவு,14265,3,NOUN,NOMINAL_SUFFIX_வு
நினைவுகள்,3909,5,NOUN,BASE_NOUN_CONSONANT_ள்
நிபுணர்,4014,4,NOUN,BASE_NOUN_CONSONANT_ர்
நிமிடம்,6215,4,NOUN,BASE_NOUN_CONSONANT_ம்
நியமனம்,6422,5,NOUN,BASE_NOUN_CONSONANT_ம்
நிர்ணயம்,4227,5,NOUN,BASE_NOUN_CONSONANT_ம்
நிர்வாகம்,15125,5,NOUN,BASE_NOUN_CONSONANT_ம்
நிர்வாகி,3658,4,NOUN,BASE_NOUN
நிறங்கள்,2761,5,NOUN,BASE_NOUN_CONSONANT_ள்
நிறம்,9221,3,NOUN,BASE_NOUN_CONSONANT_ம்
நிறுத்தம்,3330,5,NOUN,BASE_NOUN_CONSONANT_ம்
நிறுவனம்,51466,5,NOUN,BASE_NOUN_CONSONANT_ம்
நிறுவனர்,6173,5,NOUN,BASE_NOUN_CONSONANT_ர்
நிறைவு,8011,3,NOUN,NOMINAL_SUFFIX_வு
நிலக்கரி,3286,5,NOUN,BASE_NOUN_VOWEL_ரி
நிலங்கள்,3121,5,NOUN,BASE_NOUN_CONSONANT_ள்
நிலம்,13345,3,NOUN,BASE_NOUN_CONSONANT_ம்
நிலவரம்,2129,5,NOUN,BASE_NOUN_CONSONANT_ம்
நிலவு,1744,3,NOUN,NOMINAL_SUFFIX_வு
நிலைகள்,1999,4,NOUN,BASE_NOUN_CONSONANT_ள்
நிலைப்பாடு,2197,5,NOUN,NOMINAL_SUFFIX_டு
நிலைமை,62307,3,NOUN,NOMINAL_SUFFIX_மை
நிலையம்,20562,4,NOUN,BASE_NOUN_CONSONANT_ம்
நிழல்,5666,3,NOUN,BASE_NOUN_CONSONANT_ல்
நிழல்கள்,1803,5,NOUN,BASE_NOUN_CONSONANT_ள்
நிவாரணம்,3483,5,NOUN,BASE_NOUN_CONSONANT_ம்
நீக்கம்,5621,4,NOUN,BASE_NOUN_CONSONANT_ம்
நீச்சல்,2519,4,NOUN,BASE_NOUN_CONSONANT_ல்
நீதிபதி,26231,4,NOUN,NOMINAL_SUFFIX_தி
நீலம்,2071,3,NOUN,BASE_NOUN_CONSONANT_ம்
நீளம்,2296,3,NOUN,BASE_NOUN_CONSONANT_ம்
நுகர்வோர்,3601,5,NOUN,BASE_NOUN_CONSONANT_ர்
நுட்பம்,13311,4,NOUN,BASE_NOUN_CONSONANT_ம்
நுண்ணறிவு,1680,5,NOUN,NOMINAL_SUFFIX_வு
நுரையீரல்,1540,5,NOUN,BASE_NOUN_CONSONANT_ல்
நுழைவு,2121,3,NOUN,NOMINAL_SUFFIX_வு
நூற்றாண்டு,10640,5,NOUN,NOMINAL_SUFFIX_டு
நூலகம்,27684,4,NOUN,BASE_NOUN_CONSONANT_ம்
நூல்கள்,9949,4,NOUN,BASE_NOUN_CONSONANT_ள்
நெஞ்சம்,1782,4,NOUN,BASE_NOUN_CONSONANT_ம்
நெஞ்சு,2125,3,NOUN,BASE_NOUN_VOWEL_சு
நெரிசல்,3020,4,NOUN,BASE_NOUN_CONSONANT_ல்
நெருக்கம்,1488,5,NOUN,BASE_NOUN_CONSONANT_ம்
நெருப்பு,15037,4,NOUN,NOMINAL_SUFFIX_பு
நேரம்,83564,3,NOUN,BASE_NOUN_CONSONANT_ம்
நேர்காணல்,15849,5,NOUN,BASE_NOUN_CONSONANT_ல்
நேர்மை,2014,3,NOUN,NOMINAL_SUFFIX_மை
நோக்கம்,9007,4,NOUN,BASE_NOUN_CONSONANT_ம்
நோட்டுகள்,2987,5,NOUN,BASE_NOUN_CONSONANT_ள்
நோன்பு,2175,3,NOUN,NOMINAL_SUFFIX_பு
நோபல்,4286,3,NOUN,BASE_NOUN_CONSONANT_ல்
நோயாளி,1764,3,NOUN,BASE_NOUN_VOWEL_ளி
நோயாளிகள்,3168,5,NOUN,BASE_NOUN_CONSONANT_ள்
நோய்கள்,5045,4,NOUN,BASE_NOUN_CONSONANT_ள்
பகல்,6749,3,NOUN,BASE_NOUN_CONSONANT_ல்
பகிர்வு,1202,4,NOUN,NOMINAL_SUFFIX_வு
பகுதி,46806,3,NOUN,NOMINAL_SUFFIX_தி
பகுதிகள்,9575,5,NOUN,BASE_NOUN_CONSONANT_ள்
பக்கம்,29681,4,NOUN,BASE_NOUN_CONSONANT_ம்
பக்தி,4810,3,NOUN,NOMINAL_SUFFIX_தி
பங்கு,19460,3,NOUN,BASE_NOUN_VOWEL_கு
பங்குகள்,3484,5,NOUN,BASE_NOUN_CONSONANT_ள்
பசுமை,4466,3,NOUN,NOMINAL_SUFFIX_மை
பச்சை,10328,3,NOUN,BASE_NOUN
பஞ்சம்,2254,4,NOUN,BASE_NOUN_CONSONANT_ம்
பஞ்சு,1662,3,NOUN,BASE_NOUN_VOWEL_சு
படகு,5011,3,NOUN,BASE_NOUN_VOWEL_கு
படகுகள்,2108,5,NOUN,BASE_NOUN_CONSONANT_ள்
படக்குழு,4013,5,NOUN,BASE_NOUN
படங்கள்,15652,5,NOUN,BASE_NOUN_CONSONANT_ள்
படம்,68740,3,NOUN,BASE_NOUN_CONSONANT_ம்
படலம்,1371,4,NOUN,BASE_NOUN_CONSONANT_ம்
படிகள்,1454,4,NOUN,BASE_NOUN_CONSONANT_ள்
படிப்பு,7924,4,NOUN,NOMINAL_SUFFIX_பு
படிவம்,1212,4,NOUN,BASE_NOUN_CONSONANT_ம்
படுக்கை,3074,4,NOUN,KNOWN_BASE_NOUN
படைகள்,5685,4,NOUN,BASE_NOUN_CONSONANT_ள்
படைப்பு,2938,4,NOUN,NOMINAL_SUFFIX_பு
பட்டதாரி,3975,5,NOUN,BASE_NOUN_VOWEL_ரி
பட்டம்,15676,4,NOUN,KNOWN_BASE_NOUN
பட்டாசு,4234,4,NOUN,BASE_NOUN_VOWEL_சு
பட்டியல்,33149,5,NOUN,BASE_NOUN_CONSONANT_ல்
பணம்,44441,3,NOUN,BASE_NOUN_CONSONANT_ம்
பணிகள்,22129,4,NOUN,BASE_NOUN_CONSONANT_ள்
பணியாளர்,4329,5,NOUN,BASE_NOUN_CONSONANT_ர்
பண்டிகை,3192,4,NOUN,NOMINAL_SUFFIX_கை
பண்பாடு,4190,4,NOUN,NOMINAL_SUFFIX_டு
பண்பு,2859,3,NOUN,NOMINAL_SUFFIX_பு
பண்புகள்,1896,5,NOUN,BASE_NOUN_CONSONANT_ள்
பதக்கம்,4719,5,NOUN,BASE_NOUN_CONSONANT_ம்
பதம்,1981,3,NOUN,BASE_NOUN_CONSONANT_ம்
பதற்றம்,2970,5,NOUN,BASE_NOUN_CONSONANT_ம்
பதவி,24340,3,NOUN,BASE_NOUN
பதவிகள்,1229,5,NOUN,BASE_NOUN_CONSONANT_ள்
பதிப்பு,3823,4,NOUN,NOMINAL_SUFFIX_பு
பதிலடி,2740,4,NOUN,BASE_NOUN
பதில்கள்,29767,5,NOUN,BASE_NOUN_CONSONANT_ள்
பதிவாளர்,1807,5,NOUN,BASE_NOUN_CONSONANT_ர்
பதிவு,52555,3,NOUN,NOMINAL_SUFFIX_வு
பதிவுகள்,38099,5,NOUN,BASE_NOUN_CONSONANT_ள்
பத்திரம்,1816,5,NOUN,BASE_NOUN_CONSONANT_ம்
பத்திரிகை,7234,5,NOUN,NOMINAL_SUFFIX_கை
பந்தயம்,1542,5,NOUN,BASE_NOUN_CONSONANT_ம்
பந்து,11661,3,NOUN,KNOWN_BASE_NOUN
பந்துகள்,1378,5,NOUN,BASE_NOUN_CONSONANT_ள்
பனுவல்,11684,4,NOUN,BASE_NOUN_CONSONANT_ல்
பன்றி,1776,3,NOUN,BASE_NOUN
பயணம்,74377,4,NOUN,BASE_NOUN_CONSONANT_ம்
பயணி,1436,3,NOUN,BASE_NOUN
பயணிகள்,13603,5,NOUN,BASE_NOUN_CONSONANT_ள்
பயனர்,1776,4,NOUN,BASE_NOUN_CONSONANT_ர்
பயன்,10842,3,NOUN,BASE_NOUN_CONSONANT_ன்
பயன்பாடு,4977,5,NOUN,NOMINAL_SUFFIX_டு
பயம்,8621,3,NOUN,BASE_NOUN_CONSONANT_ம்
பயின்று,2354,4,NOUN,BASE_NOUN_VOWEL_று
பயிர்,4507,3,NOUN,BASE_NOUN_CONSONANT_ர்
பயிர்கள்,2306,5,NOUN,BASE_NOUN_CONSONANT_ள்
பயிற்சி,34219,4,NOUN,NOMINAL_SUFFIX_சி
பரப்பு,2427,4,NOUN,NOMINAL_SUFFIX_பு
பரிகாரம்,4510,5,NOUN,BASE_NOUN_CONSONANT_ம்
பரிசு,12207,3,NOUN,BASE_NOUN_VOWEL_சு
பரிசுகள்,1764,5,NOUN,BASE_NOUN_CONSONANT_ள்
பரிணாமம்,1165,5,NOUN,BASE_NOUN_CONSONANT_ம்
பரீட்சை,1173,4,NOUN,BASE_NOUN
பருவமழை,3315,5,NOUN,BASE_NOUN
பருவம்,3179,4,NOUN,BASE_NOUN_CONSONANT_ம்
பறவை,5526,3,NOUN,NOMINAL_SUFFIX_வை
பறவைகள்,5688,5,NOUN,BASE_NOUN_CONSONANT_ள்
பறிமுதல்,9392,5,NOUN,NOMINAL_SUFFIX_தல்
பற்கள்,1801,4,NOUN,BASE_NOUN_CONSONANT_ள்
பற்று,2180,3,NOUN,BASE_NOUN_VOWEL_று
பலகை,1806,3,NOUN,NOMINAL_SUFFIX_கை
பலன்,8415,3,NOUN,BASE_NOUN_CONSONANT_ன்
பலன்கள்,2183,5,NOUN,BASE_NOUN_CONSONANT_ள்
பலம்,8042,3,NOUN,BASE_NOUN_CONSONANT_ம்
பலர்,32602,3,NOUN,BASE_NOUN_CONSONANT_ர்
பள்ளம்,1198,4,NOUN,BASE_NOUN_CONSONANT_ம்
பள்ளி,38987,3,NOUN,BASE_NOUN_VOWEL_ளி
பள்ளிகள்,7954,5,NOUN,BASE_NOUN_CONSONANT_ள்
பழக்கம்,7218,5,NOUN,BASE_NOUN_CONSONANT_ம்
பழங்கள்,2894,5,NOUN,BASE_NOUN_CONSONANT_ள்
பழங்குடி,3144,5,NOUN,BASE_NOUN
பழமை,1752,3,NOUN,NOMINAL_SUFFIX_மை
பழமொழி,1321,4,NOUN,BASE_NOUN_VOWEL_ழி
பழம்,4738,3,NOUN,BASE_NOUN_CONSONANT_ம்
பழுது,1824,3,NOUN,BASE_NOUN_VOWEL_து
பழுப்பு,2088,4,NOUN,NOMINAL_SUFFIX_பு
பவுன்,1628,3,NOUN,BASE_NOUN_CONSONANT_ன்
பாகங்கள்,1628,5,NOUN,BASE_NOUN_CONSONANT_ள்
பாகுபாடு,1392,4,NOUN,NOMINAL_SUFFIX_டு
பாக்கியம்,4081,5,NOUN,BASE_NOUN_CONSONANT_ம்
பாசம்,3733,3,NOUN,BASE_NOUN_CONSONANT_ம்
பாடகர்,2634,4,NOUN,BASE_NOUN_CONSONANT_ர்
பாடகி,1216,3,NOUN,BASE_NOUN
பாடங்கள்,1803,5,NOUN,BASE_NOUN_CONSONANT_ள்
பாடம்,9866,3,NOUN,BASE_NOUN_CONSONANT_ம்
பாடல்,24247,3,NOUN,BASE_NOUN_CONSONANT_ல்
பாடல்கள்,22134,5,NOUN,BASE_NOUN_CONSONANT_ள்
பாட்டு,6237,3,NOUN,KNOWN_BASE_NOUN
பாதம்,1573,3,NOUN,BASE_NOUN_CONSONANT_ம்
பாதிப்பு,12103,4,NOUN,NOMINAL_SUFFIX_பு
பாதுகாப்பு,43646,5,NOUN,NOMINAL_SUFFIX_பு
பாதைகள்,1509,4,NOUN,BASE_NOUN_CONSONANT_ள்
பாத்திரம்,3125,5,NOUN,BASE_NOUN_CONSONANT_ம்
பாம்பு,4420,3,NOUN,NOMINAL_SUFFIX_பு
பாம்புகள்,1229,5,NOUN,BASE_NOUN_CONSONANT_ள்
பாரம்,1542,3,NOUN,BASE_NOUN_CONSONANT_ம்
பாராட்டு,4285,4,NOUN,NOMINAL_SUFFIX_டு
பார்வை,12631,3,NOUN,KNOWN_BASE_NOUN
பார்வைகள்,1442,5,NOUN,BASE_NOUN_CONSONANT_ள்
பாறைகள்,1453,4,NOUN,BASE_NOUN_CONSONANT_ள்
பாலம்,5412,3,NOUN,BASE_NOUN_CONSONANT_ம்
பாலியல்,31086,4,NOUN,BASE_NOUN_CONSONANT_ல்
பாவம்,8553,3,NOUN,BASE_NOUN_CONSONANT_ம்
பின்னடைவு,1321,5,NOUN,NOMINAL_SUFFIX_வு
பின்னணி,6303,4,NOUN,BASE_NOUN
பின்புறம்,2292,5,NOUN,BASE_NOUN_CONSONANT_ம்
பிரகாரம்,1303,5,NOUN,BASE_NOUN_CONSONANT_ம்
பிரசவம்,1458,5,NOUN,BASE_NOUN_CONSONANT_ம்
பிரசாரம்,2605,5,NOUN,BASE_NOUN_CONSONANT_ம்
பிரதமர்,49446,5,NOUN,BASE_NOUN_CONSONANT_ர்
பிரதி,4268,3,NOUN,NOMINAL_SUFFIX_தி
பிரதிகள்,1251,5,NOUN,BASE_NOUN_CONSONANT_ள்
பிரதிநிதி,1993,5,NOUN,NOMINAL_SUFFIX_தி
பிரதேசம்,5922,5,NOUN,BASE_NOUN_CONSONANT_ம்
பிரபலம்,2096,5,NOUN,BASE_NOUN_CONSONANT_ம்
பிரமுகர்,1359,5,NOUN,BASE_NOUN_CONSONANT_ர்
பிரயாணம்,1298,5,NOUN,BASE_NOUN_CONSONANT_ம்
பிரியம்,1217,4,NOUN,BASE_NOUN_CONSONANT_ம்
பிரிவு,22296,3,NOUN,NOMINAL_SUFFIX_வு
பிரிவுகள்,2798,5,NOUN,BASE_NOUN_CONSONANT_ள்
பிறப்பு,14700,4,NOUN,NOMINAL_SUFFIX_பு
பிறர்,3561,3,NOUN,BASE_NOUN_CONSONANT_ர்
பிறவி,1341,3,NOUN,BASE_NOUN
பிற்பகல்,4329,5,NOUN,BASE_NOUN_CONSONANT_ல்
பிளவு,1456,3,NOUN,NOMINAL_SUFFIX_வு
பிள்ளை,12642,3,NOUN,BASE_NOUN
பிள்ளைகள்,6995,5,NOUN,BASE_NOUN_CONSONANT_ள்
புகழ்,12202,3,NOUN,BASE_NOUN_CONSONANT_ழ்
புகார்,25563,3,NOUN,BASE_NOUN_CONSONANT_ர்
புகார்கள்,3662,5,NOUN,BASE_NOUN_CONSONANT_ள்
புண்ணியம்,1278,5,NOUN,BASE_NOUN_CONSONANT_ம்
புதன்,4249,3,NOUN,BASE_NOUN_CONSONANT_ன்
புதிது,1774,3,NOUN,BASE_NOUN_VOWEL_து
புதிர்,2022,3,NOUN,BASE_NOUN_CONSONANT_ர்
புதுமை,2021,3,NOUN,NOMINAL_SUFFIX_மை
புத்தகம்,11535,5,NOUN,BASE_NOUN_CONSONANT_ம்
புத்தாண்டு,3510,5,NOUN,NOMINAL_SUFFIX_டு
புத்திசாலி,1665,5,NOUN,NOMINAL_SUFFIX_சாலி
புனைவு,29471,3,NOUN,NOMINAL_SUFFIX_வு
புன்னகை,3242,4,NOUN,NOMINAL_SUFFIX_கை
புயல்,7303,3,NOUN,BASE_NOUN_CONSONANT_ல்
புரட்சி,6071,4,NOUN,NOMINAL_SUFFIX_சி
புரதம்,1332,4,NOUN,BASE_NOUN_CONSONANT_ம்
புராணம்,3333,4,NOUN,BASE_NOUN_CONSONANT_ம்
புரிதல்,3215,4,NOUN,NOMINAL_SUFFIX_தல்
புறநகர்,3593,5,NOUN,BASE_NOUN_CONSONANT_ர்
புறம்,4272,3,NOUN,BASE_NOUN_CONSONANT_ம்
புற்று,2769,3,NOUN,BASE_NOUN_VOWEL_று
புற்றுநோய்,6223,5,NOUN,BASE_NOUN_CONSONANT_ய்
புலனாய்வு,3544,5,NOUN,NOMINAL_SUFFIX_வு
புலம்,2652,3,NOUN,BASE_NOUN_CONSONANT_ம்
புலவர்,4425,4,NOUN,BASE_NOUN_CONSONANT_ர்
புள்ளி,6144,3,NOUN,BASE_NOUN_VOWEL_ளி
புள்ளிகள்,5564,5,NOUN,BASE_NOUN_CONSONANT_ள்
புவியியல்,2766,5,NOUN,BASE_NOUN_CONSONANT_ல்
பூக்கள்,4176,4,NOUN,BASE_NOUN_CONSONANT_ள்
பூசைகள்,1906,4,NOUN,BASE_NOUN_CONSONANT_ள்
பூச்சிகள்,2504,5,NOUN,BASE_NOUN_CONSONANT_ள்
பூட்டி,1207,3,NOUN,BASE_NOUN
பூண்டு,2634,3,NOUN,KNOWN_BASE_NOUN
பெட்டி,4425,3,NOUN,BASE_NOUN
பெட்டிகள்,1997,5,NOUN,BASE_NOUN_CONSONANT_ள்
பெண்கள்,89738,4,NOUN,BASE_NOUN_CONSONANT_ள்
பெண்ணியம்,12236,5,NOUN,BASE_NOUN_CONSONANT_ம்
பெண்மணி,2758,4,NOUN,BASE_NOUN
பெயர்,60146,3,NOUN,BASE_NOUN_CONSONANT_ர்
பெயர்கள்,6115,5,NOUN,BASE_NOUN_CONSONANT_ள்
பெரிது,1384,3,NOUN,BASE_NOUN_VOWEL_து
பெரியவர்,3393,5,NOUN,KNOWN_BASE_NOUN
பெருமிதம்,1730,5,NOUN,BASE_NOUN_CONSONANT_ம்
பெருமை,10422,3,NOUN,NOMINAL_SUFFIX_மை
பெறுதல்,1231,4,NOUN,NOMINAL_SUFFIX_தல்
பெற்றவர்,6163,5,NOUN,BASE_NOUN_CONSONANT_ர்
பெற்றோர்,11961,4,NOUN,BASE_NOUN_CONSONANT_ர்
பேச்சாளர்,2007,5,NOUN,BASE_NOUN_CONSONANT_ர்
பேச்சு,16850,3,NOUN,BASE_NOUN_VOWEL_சு
பேரணி,3327,3,NOUN,BASE_NOUN
பேரம்,2163,3,NOUN,BASE_NOUN_CONSONANT_ம்
பேரரசு,2582,4,NOUN,BASE_NOUN_VOWEL_சு
பேராசை,1170,3,NOUN,BASE_NOUN
பைத்தியம்,1981,5,NOUN,BASE_NOUN_CONSONANT_ம்
பொதுக்குழு,2210,5,NOUN,BASE_NOUN
பொம்மை,2920,3,NOUN,NOMINAL_SUFFIX_மை
பொம்மைகள்,1690,5,NOUN,BASE_NOUN_CONSONANT_ள்
பொருட்கள்,18763,5,NOUN,BASE_NOUN_CONSONANT_ள்
பொருத்தம்,1791,5,NOUN,BASE_NOUN_CONSONANT_ம்
பொருளாளர்,3876,5,NOUN,BASE_NOUN_CONSONANT_ர்
பொருளியல்,2130,5,NOUN,BASE_NOUN_CONSONANT_ல்
பொருள்,32132,3,NOUN,BASE_NOUN_CONSONANT_ள்
பொருள்கள்,4205,5,NOUN,BASE_NOUN_CONSONANT_ள்
பொறாமை,1566,3,NOUN,NOMINAL_SUFFIX_மை
பொறியாளர்,3103,5,NOUN,BASE_NOUN_CONSONANT_ர்
பொறியியல்,11353,5,NOUN,BASE_NOUN_CONSONANT_ல்
பொறுப்பு,34679,4,NOUN,NOMINAL_SUFFIX_பு
பொறுமை,2165,3,NOUN,NOMINAL_SUFFIX_மை
போட்டி,28103,3,NOUN,BASE_NOUN
போட்டிகள்,9502,5,NOUN,BASE_NOUN_CONSONANT_ள்
போராட்டம்,25754,5,NOUN,BASE_NOUN_CONSONANT_ம்
போராளி,1711,3,NOUN,BASE_NOUN_VOWEL_ளி
போராளிகள்,1831,5,NOUN,BASE_NOUN_CONSONANT_ள்
போற்றி,2225,3,NOUN,BASE_NOUN
பௌர்ணமி,1518,4,NOUN,BASE_NOUN
மகசூல்,1451,4,NOUN,BASE_NOUN_CONSONANT_ல்
மகன்,30855,3,NOUN,BASE_NOUN_CONSONANT_ன்
மகன்கள்,2304,5,NOUN,BASE_NOUN_CONSONANT_ள்
மகப்பேறு,1513,5,NOUN,BASE_NOUN_VOWEL_று
மகளிர்,13609,4,NOUN,BASE_NOUN_CONSONANT_ர்
மகள்,123816,3,NOUN,BASE_NOUN_CONSONANT_ள்
மகள்கள்,1265,5,NOUN,BASE_NOUN_CONSONANT_ள்
மகிழ்ச்சி,12625,5,NOUN,NOMINAL_SUFFIX_சி
மக்கள்,191854,4,NOUN,BASE_NOUN_CONSONANT_ள்
மஞ்சள்,12702,4,NOUN,BASE_NOUN_CONSONANT_ள்
மடம்,1412,3,NOUN,BASE_NOUN_CONSONANT_ம்
மட்டம்,1525,4,NOUN,BASE_NOUN_CONSONANT_ம்
மணம்,4813,3,NOUN,BASE_NOUN_CONSONANT_ம்
மணல்,10605,3,NOUN,BASE_NOUN_CONSONANT_ல்
மணிகள்,25094,4,NOUN,BASE_NOUN_CONSONANT_ள்
மண்டபம்,4652,5,NOUN,BASE_NOUN_CONSONANT_ம்
மண்டலம்,4093,5,NOUN,BASE_NOUN_CONSONANT_ம்
மதம்,10005,3,NOUN,BASE_NOUN_CONSONANT_ம்
மதிப்பீடு,2405,5,NOUN,NOMINAL_SUFFIX_டு
மதிப்பு,17898,4,NOUN,NOMINAL_SUFFIX_பு
மதிப்பெண்,9353,5,NOUN,BASE_NOUN_CONSONANT_ண்
மதியம்,7528,4,NOUN,BASE_NOUN_CONSONANT_ம்
மந்திரம்,2908,5,NOUN,KNOWN_BASE_NOUN
மந்திரி,3985,4,NOUN,BASE_NOUN_VOWEL_ரி
மனநலம்,1164,5,NOUN,BASE_NOUN_CONSONANT_ம்
மனம்,28320,3,NOUN,BASE_NOUN_CONSONANT_ம்
மனிதன்,37697,4,NOUN,BASE_NOUN_CONSONANT_ன்
மனிதர்,6818,4,NOUN,KNOWN_BASE_NOUN
மனுக்கள்,3317,5,NOUN,BASE_NOUN_CONSONANT_ள்
மனுதாரர்,2089,5,NOUN,BASE_NOUN_CONSONANT_ர்
மனைவி,34642,3,NOUN,BASE_NOUN
மன்னர்,8404,4,NOUN,BASE_NOUN_CONSONANT_ர்
மன்னிப்பு,5139,5,NOUN,NOMINAL_SUFFIX_பு
மன்றம்,5111,4,NOUN,BASE_NOUN_CONSONANT_ம்
மயக்கம்,3218,5,NOUN,BASE_NOUN_CONSONANT_ம்
மரங்கள்,6673,5,NOUN,BASE_NOUN_CONSONANT_ள்
மரணம்,10857,4,NOUN,BASE_NOUN_CONSONANT_ம்
மரபு,5011,3,NOUN,NOMINAL_SUFFIX_பு
மரம்,13103,3,NOUN,KNOWN_BASE_NOUN
மரியாதை,9325,4,NOUN,BASE_NOUN
மருந்து,13807,4,NOUN,KNOWN_BASE_NOUN
மர்மம்,1427,4,NOUN,BASE_NOUN_CONSONANT_ம்
மறதி,1314,3,NOUN,NOMINAL_SUFFIX_தி
மறியல்,3548,4,NOUN,BASE_NOUN_CONSONANT_ல்
மறுநாள்,7710,4,NOUN,BASE_NOUN_CONSONANT_ள்
மறுபுறம்,1949,5,NOUN,BASE_NOUN_CONSONANT_ம்
மறுப்பு,3085,4,NOUN,NOMINAL_SUFFIX_பு
மறுமொழி,1504,4,NOUN,BASE_NOUN_VOWEL_ழி
மறைவு,1885,3,NOUN,NOMINAL_SUFFIX_வு
மற்றவர்,1804,5,NOUN,BASE_NOUN_CONSONANT_ர்
மலம்,1463,3,NOUN,BASE_NOUN_CONSONANT_ம்
மலர்,7947,3,NOUN,BASE_NOUN_CONSONANT_ர்
மலர்கள்,2340,5,NOUN,BASE_NOUN_CONSONANT_ள்
மலைகள்,1948,4,NOUN,BASE_NOUN_CONSONANT_ள்
மழைநீர்,2468,4,NOUN,BASE_NOUN_CONSONANT_ர்
மாகாணம்,2333,4,NOUN,BASE_NOUN_CONSONANT_ம்
மாசம்,1849,3,NOUN,BASE_NOUN_CONSONANT_ம்
மாடுகள்,2615,4,NOUN,BASE_NOUN_CONSONANT_ள்
மாணவன்,3904,4,NOUN,NOMINAL_SUFFIX_மாணவன்
மாணவர்,17695,4,NOUN,KNOWN_BASE_NOUN
மாணவி,8170,3,NOUN,NOMINAL_SUFFIX_மாணவி
மாணவிகள்,6474,5,NOUN,BASE_NOUN_CONSONANT_ள்
மாணவியர்,2583,5,NOUN,BASE_NOUN_CONSONANT_ர்
மாண்புமிகு,1430,5,NOUN,BASE_NOUN_VOWEL_கு
மாதங்கள்,6520,5,NOUN,BASE_NOUN_CONSONANT_ள்
மாதம்,116288,3,NOUN,BASE_NOUN_CONSONANT_ம்
மாதவிடாய்,1937,5,NOUN,BASE_NOUN_CONSONANT_ய்
மாநகர்,1399,4,NOUN,BASE_NOUN_CONSONANT_ர்
மாநாடு,7456,3,NOUN,NOMINAL_SUFFIX_டு
மாநிலம்,20307,4,NOUN,BASE_NOUN_CONSONANT_ம்
மானம்,1182,3,NOUN,BASE_NOUN_CONSONANT_ம்
மானியம்,2856,4,NOUN,BASE_NOUN_CONSONANT_ம்
மாரடைப்பு,1994,5,NOUN,NOMINAL_SUFFIX_பு
மார்க்கம்,1244,5,NOUN,BASE_NOUN_CONSONANT_ம்
மார்பு,1253,3,NOUN,NOMINAL_SUFFIX_பு
மாறுதல்,2325,4,NOUN,NOMINAL_SUFFIX_தல்
மாற்றம்,23073,4,NOUN,BASE_NOUN_CONSONANT_ம்
மாற்று,11969,3,NOUN,KNOWN_BASE_NOUN
மாளிகை,3446,3,NOUN,NOMINAL_SUFFIX_கை
மாவட்டம்,62738,5,NOUN,BASE_NOUN_CONSONANT_ம்
மிச்சம்,1951,4,NOUN,BASE_NOUN_CONSONANT_ம்
மின்சாரம்,9664,5,NOUN,BASE_NOUN_CONSONANT_ம்
மின்னணு,4045,4,NOUN,BASE_NOUN
மிரட்டல்,3622,5,NOUN,BASE_NOUN_CONSONANT_ல்
மிளகு,2035,3,NOUN,BASE_NOUN_VOWEL_கு
மீட்பு,3058,3,NOUN,NOMINAL_SUFFIX_பு
மீனவர்,3174,4,NOUN,BASE_NOUN_CONSONANT_ர்
மீன்கள்,2099,4,NOUN,BASE_NOUN_CONSONANT_ள்
மீன்பிடி,2266,4,NOUN,BASE_NOUN
மீறல்,1260,3,NOUN,BASE_NOUN_CONSONANT_ல்
முகப்பு,48747,4,NOUN,NOMINAL_SUFFIX_பு
முகம்,17756,3,NOUN,BASE_NOUN_CONSONANT_ம்
முகவரி,24909,4,NOUN,BASE_NOUN_VOWEL_ரி
முகாம்,8061,3,NOUN,BASE_NOUN_CONSONANT_ம்
முகாம்கள்,1758,5,NOUN,BASE_NOUN_CONSONANT_ள்
முக்கியம்,8424,5,NOUN,BASE_NOUN_CONSONANT_ம்
முடிச்சு,1868,4,NOUN,BASE_NOUN_VOWEL_சு
முடிவு,50380,3,NOUN,NOMINAL_SUFFIX_வு
முடிவுகள்,10279,5,NOUN,BASE_NOUN_CONSONANT_ள்
முட்டை,4489,3,NOUN,BASE_NOUN
முட்டைகள்,1223,5,NOUN,BASE_NOUN_CONSONANT_ள்
முதலாளி,2124,4,NOUN,BASE_NOUN_VOWEL_ளி
முதலிடம்,4493,5,NOUN,BASE_NOUN_CONSONANT_ம்
முதலீடு,13659,4,NOUN,NOMINAL_SUFFIX_டு
முதல்வர்,59758,5,NOUN,KNOWN_BASE_NOUN
முதியவர்,1807,5,NOUN,KNOWN_BASE_NOUN
முதியோர்,2322,4,NOUN,BASE_NOUN_CONSONANT_ர்
முதுகு,1635,3,NOUN,BASE_NOUN_VOWEL_கு
முதுமை,12127,3,NOUN,NOMINAL_SUFFIX_மை
முத்தம்,3561,4,NOUN,BASE_NOUN_CONSONANT_ம்
முத்து,16019,3,NOUN,KNOWN_BASE_NOUN
முனிவர்,2844,4,NOUN,KNOWN_BASE_NOUN
முனைவர்,30074,4,NOUN,BASE_NOUN_CONSONANT_ர்
முன்னணி,14439,4,NOUN,BASE_NOUN
முன்னுரிமை,3545,5,NOUN,NOMINAL_SUFFIX_மை
முன்பதிவு,3891,5,NOUN,NOMINAL_SUFFIX_வு
முயற்சி,21297,4,NOUN,NOMINAL_SUFFIX_சி
முறிவு,1151,3,NOUN,NOMINAL_SUFFIX_வு
முறைகள்,30004,4,NOUN,BASE_NOUN_CONSONANT_ள்
முறைகேடு,3381,4,NOUN,NOMINAL_SUFFIX_டு
முறைமை,1491,3,NOUN,NOMINAL_SUFFIX_மை
முறையீடு,1306,4,NOUN,NOMINAL_SUFFIX_டு
முற்றுகை,1792,4,NOUN,NOMINAL_SUFFIX_கை
முல்லை,5381,3,NOUN,BASE_NOUN
மூச்சு,3873,3,NOUN,BASE_NOUN_VOWEL_சு
மூட்டை,2095,3,NOUN,BASE_NOUN
மூலக்கூறு,1820,5,NOUN,BASE_NOUN_VOWEL_று
மூலம்,151199,3,NOUN,BASE_NOUN_CONSONANT_ம்
மூலவர்,1737,4,NOUN,BASE_NOUN_CONSONANT_ர்
மூலிகை,1805,3,NOUN,NOMINAL_SUFFIX_கை
மூவர்,2516,3,NOUN,BASE_NOUN_CONSONANT_ர்
மெய்யியல்,1280,5,NOUN,BASE_NOUN_CONSONANT_ல்
மேகம்,53828,3,NOUN,BASE_NOUN_CONSONANT_ம்
மேம்பாடு,2379,4,NOUN,NOMINAL_SUFFIX_டு
மேம்பாலம்,1749,5,NOUN,BASE_NOUN_CONSONANT_ம்
மேற்கொண்டு,10113,5,NOUN,NOMINAL_SUFFIX_டு
மேற்கோள்,2092,4,NOUN,BASE_NOUN_CONSONANT_ள்
மேலாண்மை,22065,4,NOUN,NOMINAL_SUFFIX_மை
மேலாளர்,4296,4,NOUN,BASE_NOUN_CONSONANT_ர்
மைதானம்,2010,4,NOUN,BASE_NOUN_CONSONANT_ம்
மையங்கள்,3867,5,NOUN,BASE_NOUN_CONSONANT_ள்
மையம்,14866,3,NOUN,BASE_NOUN_CONSONANT_ம்
மைல்கள்,1218,4,NOUN,BASE_NOUN_CONSONANT_ள்
மொத்தம்,32336,4,NOUN,BASE_NOUN_CONSONANT_ம்
மொழிகள்,4416,4,NOUN,BASE_NOUN_CONSONANT_ள்
மொழியியல்,12488,5,NOUN,BASE_NOUN_CONSONANT_ல்
மோகம்,1487,3,NOUN,BASE_NOUN_CONSONANT_ம்
மோசடி,6329,3,NOUN,BASE_NOUN
மோசம்,1460,3,NOUN,BASE_NOUN_CONSONANT_ம்
மோதல்,6000,3,NOUN,NOMINAL_SUFFIX_தல்
மோதிரம்,1848,4,NOUN,BASE_NOUN_CONSONANT_ம்
மௌனம்,2599,3,NOUN,BASE_NOUN_CONSONANT_ம்
யாகம்,1316,3,NOUN,BASE_NOUN_CONSONANT_ம்
யானைகள்,5065,4,NOUN,BASE_NOUN_CONSONANT_ள்
யாப்பு,11620,3,NOUN,NOMINAL_SUFFIX_பு
யுத்தம்,4490,4,NOUN,BASE_NOUN_CONSONANT_ம்
யூதர்கள்,1490,5,NOUN,BASE_NOUN_CONSONANT_ள்
யோகம்,2888,3,NOUN,BASE_NOUN_CONSONANT_ம்
ரகம்,1807,3,NOUN,BASE_NOUN_CONSONANT_ம்
ரசிகன்,1183,4,NOUN,BASE_NOUN_CONSONANT_ன்
ரசிகர்,3052,4,NOUN,BASE_NOUN_CONSONANT_ர்
ராகம்,1566,3,NOUN,BASE_NOUN_CONSONANT_ம்
லயம்,11257,3,NOUN,BASE_NOUN_CONSONANT_ம்
வகுப்பு,19727,4,NOUN,NOMINAL_SUFFIX_பு
வகைகள்,6615,4,NOUN,BASE_NOUN_CONSONANT_ள்
வக்கீல்,1372,4,NOUN,BASE_NOUN_CONSONANT_ல்
வங்கிகள்,7298,5,NOUN,BASE_NOUN_CONSONANT_ள்
வசதி,19586,3,NOUN,NOMINAL_SUFFIX_தி
வசதிகள்,9228,5,NOUN,BASE_NOUN_CONSONANT_ள்
வசனம்,4651,4,NOUN,BASE_NOUN_CONSONANT_ம்
வசூல்,6511,3,NOUN,BASE_NOUN_CONSONANT_ல்
வடிகால்,1440,4,NOUN,BASE_NOUN_CONSONANT_ல்
வடிவம்,7483,4,NOUN,BASE_NOUN_CONSONANT_ம்
வட்டம்,6159,4,NOUN,KNOWN_BASE_NOUN
வட்டாரம்,1198,5,NOUN,BASE_NOUN_CONSONANT_ம்
வட்டி,8092,3,NOUN,BASE_NOUN
வணக்கம்,6307,5,NOUN,BASE_NOUN_CONSONANT_ம்
வணிகம்,2824,4,NOUN,BASE_NOUN_CONSONANT_ம்
வணிகர்,1360,4,NOUN,BASE_NOUN_CONSONANT_ர்
வண்டி,8087,3,NOUN,BASE_NOUN
வண்டிகள்,1292,5,NOUN,BASE_NOUN_CONSONANT_ள்
வண்ணம்,9341,4,NOUN,BASE_NOUN_CONSONANT_ம்
வதம்,1227,3,NOUN,BASE_NOUN_CONSONANT_ம்
வந்தவன்,2197,5,NOUN,BASE_NOUN_CONSONANT_ன்
வந்தவர்,3897,5,NOUN,BASE_NOUN_CONSONANT_ர்
வனப்பு,53025,4,NOUN,NOMINAL_SUFFIX_பு
வனம்,1818,3,NOUN,BASE_NOUN_CONSONANT_ம்
வன்கொடுமை,1724,5,NOUN,NOMINAL_SUFFIX_மை
வம்சம்,1264,4,NOUN,BASE_NOUN_CONSONANT_ம்
வயல்,1468,3,NOUN,BASE_NOUN_CONSONANT_ல்
வயிறு,3983,3,NOUN,BASE_NOUN_VOWEL_று
வரன்,1181,3,NOUN,BASE_NOUN_CONSONANT_ன்
வரம்,4183,3,NOUN,BASE_NOUN_CONSONANT_ம்
வரம்பு,2623,4,NOUN,NOMINAL_SUFFIX_பு
வரலாறு,64783,4,NOUN,BASE_NOUN_VOWEL_று
வரவு,3892,3,NOUN,NOMINAL_SUFFIX_வு
வரவேற்பு,8664,5,NOUN,NOMINAL_SUFFIX_பு
வரிகள்,5462,4,NOUN,BASE_NOUN_CONSONANT_ள்
வரிசை,4226,3,NOUN,BASE_NOUN
வருகை,8519,3,NOUN,NOMINAL_SUFFIX_கை
வருடம்,14976,4,NOUN,BASE_NOUN_CONSONANT_ம்
வருத்தம்,4289,5,NOUN,BASE_NOUN_CONSONANT_ம்
வருபவர்,2203,5,NOUN,BASE_NOUN_CONSONANT_ர்
வருமானம்,10116,5,NOUN,BASE_NOUN_CONSONANT_ம்
வரைபடம்,1504,5,NOUN,BASE_NOUN_CONSONANT_ம்
வரைவு,2241,3,NOUN,NOMINAL_SUFFIX_வு
வர்கள்,2015,4,NOUN,BASE_NOUN_CONSONANT_ள்
வர்க்கம்,1612,5,NOUN,BASE_NOUN_CONSONANT_ம்
வறட்சி,3806,4,NOUN,NOMINAL_SUFFIX_சி
வறுமை,3537,3,NOUN,NOMINAL_SUFFIX_மை
வலம்,5878,3,NOUN,BASE_NOUN_CONSONANT_ம்
வலிமை,3792,3,NOUN,NOMINAL_SUFFIX_மை
வல்லமை,1903,4,NOUN,NOMINAL_SUFFIX_மை
வல்லுநர்,1377,5,NOUN,BASE_NOUN_CONSONANT_ர்
வளங்கள்,1801,5,NOUN,BASE_NOUN_CONSONANT_ள்
வளம்,4623,3,NOUN,BASE_NOUN_CONSONANT_ம்
வளர்ச்சி,61459,5,NOUN,NOMINAL_SUFFIX_சி
வளர்ப்பு,14743,5,NOUN,NOMINAL_SUFFIX_பு
வளாகம்,2699,4,NOUN,BASE_NOUN_CONSONANT_ம்
வளைகுடா,1915,4,NOUN,BASE_NOUN
வளையம்,1171,4,NOUN,BASE_NOUN_CONSONANT_ம்
வளைவு,1215,3,NOUN,NOMINAL_SUFFIX_வு
வள்ளல்,1186,4,NOUN,BASE_NOUN_CONSONANT_ல்
வழக்கம்,14765,5,NOUN,BASE_NOUN_CONSONANT_ம்
வழங்கல்,1591,5,NOUN,BASE_NOUN_CONSONANT_ல்
வழிகள்,2741,4,NOUN,BASE_NOUN_CONSONANT_ள்
வழிபாடு,7051,4,NOUN,NOMINAL_SUFFIX_டு
வழிவகை,1822,4,NOUN,NOMINAL_SUFFIX_கை
வாகனம்,7869,4,NOUN,BASE_NOUN_CONSONANT_ம்
வாக்காளர்,5565,5,NOUN,BASE_NOUN_CONSONANT_ர்
வாக்குகள்,6739,5,NOUN,BASE_NOUN_CONSONANT_ள்
வாக்குறுதி,2305,5,NOUN,NOMINAL_SUFFIX_தி
வாசகம்,1515,4,NOUN,BASE_NOUN_CONSONANT_ம்
வாசகர்,18602,4,NOUN,BASE_NOUN_CONSONANT_ர்
வாசம்,1968,3,NOUN,BASE_NOUN_CONSONANT_ம்
வாசல்,28014,3,NOUN,BASE_NOUN_CONSONANT_ல்
வாசிப்பு,2392,4,NOUN,NOMINAL_SUFFIX_பு
வாடகை,4543,3,NOUN,NOMINAL_SUFFIX_கை
வாதம்,4049,3,NOUN,BASE_NOUN_CONSONANT_ம்
வாந்தி,1978,3,NOUN,NOMINAL_SUFFIX_தி
வானம்,4427,3,NOUN,BASE_NOUN_CONSONANT_ம்
வானியல்,13700,4,NOUN,BASE_NOUN_CONSONANT_ல்
வானூர்தி,2538,4,NOUN,NOMINAL_SUFFIX_தி
வானொலி,4105,3,NOUN,BASE_NOUN_VOWEL_லி
வாய்க்கால்,1363,5,NOUN,BASE_NOUN_CONSONANT_ல்
வாய்ப்பாடு,1855,5,NOUN,NOMINAL_SUFFIX_டு
வாய்ப்பு,31442,4,NOUN,NOMINAL_SUFFIX_பு
வாரங்கள்,1708,5,NOUN,BASE_NOUN_CONSONANT_ள்
வாரம்,17521,3,NOUN,BASE_NOUN_CONSONANT_ம்
வாரிசு,2295,3,NOUN,BASE_NOUN_VOWEL_சு
வாரியம்,9633,4,NOUN,BASE_NOUN_CONSONANT_ம்
வாலிபர்,1997,4,NOUN,BASE_NOUN_CONSONANT_ர்
வாழ்க்கை,33052,4,NOUN,KNOWN_BASE_NOUN
வாழ்நாள்,4207,4,NOUN,BASE_NOUN_CONSONANT_ள்
வாழ்வியல்,2310,5,NOUN,BASE_NOUN_CONSONANT_ல்
வாழ்வு,5876,3,NOUN,NOMINAL_SUFFIX_வு
விகிதம்,8429,4,NOUN,BASE_NOUN_CONSONANT_ம்
விசயம்,1445,4,NOUN,BASE_NOUN_CONSONANT_ம்
விஞ்ஞானம்,1478,5,NOUN,BASE_NOUN_CONSONANT_ம்
விடயம்,3333,4,NOUN,BASE_NOUN_CONSONANT_ம்
விடியல்,1238,4,NOUN,BASE_NOUN_CONSONANT_ல்
விடுதி,3113,3,NOUN,NOMINAL_SUFFIX_தி
விடுப்பு,1659,4,NOUN,NOMINAL_SUFFIX_பு
விண்கலம்,1383,5,NOUN,BASE_NOUN_CONSONANT_ம்
விண்வெளி,6106,4,NOUN,BASE_NOUN_VOWEL_ளி
விதம்,4988,3,NOUN,BASE_NOUN_CONSONANT_ம்
விதிகள்,4457,4,NOUN,BASE_NOUN_CONSONANT_ள்
விதிப்பு,1365,4,NOUN,NOMINAL_SUFFIX_பு
விதைகள்,2591,4,NOUN,BASE_NOUN_CONSONANT_ள்
விநியோகம்,3931,5,NOUN,BASE_NOUN_CONSONANT_ம்
வினாக்கள்,1310,5,NOUN,BASE_NOUN_CONSONANT_ள்
வினாடி,1230,3,NOUN,BASE_NOUN
விபரம்,2142,4,NOUN,BASE_NOUN_CONSONANT_ம்
விமானம்,10019,4,NOUN,BASE_NOUN_CONSONANT_ம்
வியாபாரம்,6401,5,NOUN,BASE_NOUN_CONSONANT_ம்
வியூகம்,1877,4,NOUN,BASE_NOUN_CONSONANT_ம்
விரதம்,3100,4,NOUN,BASE_NOUN_CONSONANT_ம்
விரல்,4766,3,NOUN,BASE_NOUN_CONSONANT_ல்
விரல்கள்,1215,5,NOUN,BASE_NOUN_CONSONANT_ள்
விரிசல்,1366,4,NOUN,BASE_NOUN_CONSONANT_ல்
விருது,19580,3,NOUN,BASE_NOUN_VOWEL_து
விருதுகள்,4279,5,NOUN,BASE_NOUN_CONSONANT_ள்
விருந்து,4786,4,NOUN,KNOWN_BASE_NOUN
விருப்பம்,7975,5,NOUN,BASE_NOUN_CONSONANT_ம்
விருப்பு,1369,4,NOUN,NOMINAL_SUFFIX_பு
விரைவு,3312,3,NOUN,NOMINAL_SUFFIX_வு
விலங்கு,2320,4,NOUN,BASE_NOUN_VOWEL_கு
விலைவாசி,1530,4,NOUN,NOMINAL_SUFFIX_சி
விளக்கம்,43873,5,NOUN,BASE_NOUN_CONSONANT_ம்
விளைச்சல்,1773,5,NOUN,BASE_NOUN_CONSONANT_ல்
விளையாட்டு,30911,5,NOUN,NOMINAL_SUFFIX_டு
விளைவு,4156,3,NOUN,NOMINAL_SUFFIX_வு
விளைவுகள்,2933,5,NOUN,BASE_NOUN_CONSONANT_ள்
விழாக்கள்,1381,5,NOUN,BASE_NOUN_CONSONANT_ள்
விழிகள்,1239,4,NOUN,BASE_NOUN_CONSONANT_ள்
விழிப்பு,1259,4,NOUN,NOMINAL_SUFFIX_பு
விவகாரம்,9991,5,NOUN,BASE_NOUN_CONSONANT_ம்
விவசாயம்,18856,5,NOUN,BASE_NOUN_CONSONANT_ம்
விவசாயி,5122,4,NOUN,KNOWN_BASE_NOUN
விவரம்,6817,4,NOUN,BASE_NOUN_CONSONANT_ம்
விவாதம்,5232,4,NOUN,BASE_NOUN_CONSONANT_ம்
விவேகம்,1249,4,NOUN,BASE_NOUN_CONSONANT_ம்
வீச்சாளர்,1960,5,NOUN,BASE_NOUN_CONSONANT_ர்
வீச்சு,1874,3,NOUN,BASE_NOUN_VOWEL_சு
வீடுகள்,6830,4,NOUN,BASE_NOUN_CONSONANT_ள்
வீதம்,3874,3,NOUN,BASE_NOUN_CONSONANT_ம்
வீரம்,1587,3,NOUN,BASE_NOUN_CONSONANT_ம்
வீரர்,14056,3,NOUN,BASE_NOUN_CONSONANT_ர்
வீரர்கள்,16707,5,NOUN,BASE_NOUN_CONSONANT_ள்
வீழ்ச்சி,1673,4,NOUN,NOMINAL_SUFFIX_சி
வெங்காயம்,3004,5,NOUN,BASE_NOUN_CONSONANT_ம்
வெடிகுண்டு,2762,5,NOUN,NOMINAL_SUFFIX_டு
வெடிப்பு,1933,4,NOUN,NOMINAL_SUFFIX_பு
வெட்டு,1509,3,NOUN,NOMINAL_SUFFIX_டு
வெண்ணெய்,1242,4,NOUN,BASE_NOUN_CONSONANT_ய்
வெண்பா,1224,3,NOUN,BASE_NOUN
வெண்மை,1810,3,NOUN,NOMINAL_SUFFIX_மை
வெப்பம்,4123,4,NOUN,BASE_NOUN_CONSONANT_ம்
வெறுப்பு,2345,4,NOUN,NOMINAL_SUFFIX_பு
வெற்றி,64348,3,NOUN,BASE_NOUN
வெல்லம்,1257,4,NOUN,BASE_NOUN_CONSONANT_ம்
வெளிச்சம்,5909,5,NOUN,BASE_NOUN_CONSONANT_ம்
வெளிநாடு,2977,4,NOUN,NOMINAL_SUFFIX_டு
வெளிப்பாடு,1646,5,NOUN,NOMINAL_SUFFIX_டு
வெளியீடு,3025,4,NOUN,NOMINAL_SUFFIX_டு
வெளியுறவு,3031,5,NOUN,NOMINAL_SUFFIX_வு
வெள்ளம்,6873,4,NOUN,BASE_NOUN_CONSONANT_ம்
வெள்ளி,7288,3,NOUN,BASE_NOUN_VOWEL_ளி
வேகம்,7252,3,NOUN,BASE_NOUN_CONSONANT_ம்
வேடம்,1979,3,NOUN,BASE_NOUN_CONSONANT_ம்
வேடிக்கை,4842,4,NOUN,NOMINAL_SUFFIX_கை
வேட்கை,1166,3,NOUN,NOMINAL_SUFFIX_கை
வேட்டி,1916,3,NOUN,BASE_NOUN
வேட்பாளர்,12687,5,NOUN,BASE_NOUN_CONSONANT_ர்
வேட்பு,2395,3,NOUN,NOMINAL_SUFFIX_பு
வேட்புமனு,1895,5,NOUN,BASE_NOUN
வேண்டுகோள்,16401,5,NOUN,BASE_NOUN_CONSONANT_ள்
வேதம்,2767,3,NOUN,BASE_NOUN_CONSONANT_ம்
வேதாந்தம்,12425,5,NOUN,BASE_NOUN_CONSONANT_ம்
வேதாளம்,1487,4,NOUN,BASE_NOUN_CONSONANT_ம்
வேதியியல்,5604,5,NOUN,BASE_NOUN_CONSONANT_ல்
வேந்தர்,1497,4,NOUN,BASE_NOUN_CONSONANT_ர்
வேறுபாடு,5023,4,NOUN,NOMINAL_SUFFIX_டு
வேற்றுமை,1497,4,NOUN,NOMINAL_SUFFIX_மை
வேலைகள்,4645,4,NOUN,BASE_NOUN_CONSONANT_ள்
வேளாண்மை,26704,4,NOUN,NOMINAL_SUFFIX_மை
வேளாளர்,1500,4,NOUN,BASE_NOUN_CONSONANT_ர்
வைத்தியம்,1905,5,NOUN,BASE_NOUN_CONSONANT_ம்
வைப்பு,2065,3,NOUN,NOMINAL_SUFFIX_பு
வைரம்,1548,3,NOUN,BASE_NOUN_CONSONANT_ம்
